,SEASON_ID,TEAM_ID,TEAM_ABBREVIATION,TEAM_NAME,GAME_ID,GAME_DATE,MATCHUP,WL,MIN,FGM,FGA,FG_PCT,FG3M,FG3A,FG3_PCT,FTM,FTA,FT_PCT,OREB,DREB,REB,AST,STL,BLK,TOV,PF,PTS,PLUS_MINUS,VIDEO_AVAILABLE,SEASON_ID_2,TEAM_ID_2,TEAM_ABBREVIATION_2,TEAM_NAME_2,GAME_ID_2,GAME_DATE_2,MATCHUP_2,WL_2,MIN_2,FGM_2,FGA_2,FG_PCT_2,FG3M_2,FG3A_2,FG3_PCT_2,FTM_2,FTA_2,FT_PCT_2,OREB_2,DREB_2,REB_2,AST_2,STL_2,BLK_2,TOV_2,PF_2,PTS_2,PLUS_MINUS_2,VIDEO_AVAILABLE_2
0,22022,1610612755,PHI,Philadelphia 76ers,0022200001,2022-10-18,PHI @ BOS,A,240,40,80,0.5,13,34,0.382,24,28,0.857,4,27,31,16,8,3,14,25,117,-9,1,22022,1610612738,BOS,Boston Celtics,0022200001,2022-10-18,BOS vs. PHI,W,240,46,82,0.561,12,35,0.343,22,28,0.786,6,30,36,24,8,3,11,24,126,9,1
1,22022,1610612744,GSW,Golden State Warriors,0022200002,2022-10-18,GSW vs. LAL,H,240,45,99,0.455,16,45,0.356,17,23,0.739,11,37,48,31,11,4,18,23,123,14,1,22022,1610612747,LAL,Los Angeles Lakers,0022200002,2022-10-18,LAL @ GSW,L,240,40,94,0.426,10,40,0.25,19,25,0.76,9,39,48,23,12,4,22,18,109,-14,1
2,22022,1610612757,POR,Portland Trail Blazers,0022200014,2022-10-19,POR @ SAC,H,240,39,88,0.443,11,28,0.393,26,33,0.788,11,33,44,20,11,2,11,17,115,7,1,22022,1610612762,UTA,Utah Jazz,0022200012,2022-10-19,UTA vs. DEN,W,240,42,83,0.506,16,38,0.421,23,31,0.742,11,32,43,27,10,1,20,21,123,21,1
3,22022,1610612751,BKN,Brooklyn Nets,0022200006,2022-10-19,BKN vs. NOP,A,240,40,89,0.449,10,33,0.303,18,24,0.75,9,30,39,22,10,10,16,25,108,-22,1,22022,1610612764,WAS,Washington Wizards,0022200004,2022-10-19,WAS @ IND,W,240,42,92,0.457,11,31,0.355,19,24,0.792,14,39,53,21,5,10,17,19,114,7,1
4,22022,1610612754,IND,Indiana Pacers,0022200004,2022-10-19,IND vs. WAS,A,240,39,97,0.402,15,42,0.357,14,21,0.667,12,30,42,21,7,5,15,20,107,-7,1,22022,1610612758,SAC,Sacramento Kings,0022200014,2022-10-19,SAC vs. POR,L,240,39,85,0.459,17,44,0.386,13,19,0.684,4,37,41,27,8,5,16,25,108,-7,1
5,22022,1610612753,ORL,Orlando Magic,0022200003,2022-10-19,ORL @ DET,A,240,42,86,0.488,11,30,0.367,14,19,0.737,10,38,48,21,5,5,18,24,109,-4,1,22022,1610612742,DAL,Dallas Mavericks,0022200013,2022-10-19,DAL @ PHX,L,240,35,75,0.467,14,35,0.4,21,34,0.618,5,35,40,17,6,4,12,22,105,-2,1
6,22022,1610612756,PHX,Phoenix Suns,0022200013,2022-10-19,PHX vs. DAL,H,240,40,85,0.471,8,22,0.364,19,22,0.864,8,32,40,25,4,5,12,29,107,2,1,22022,1610612743,DEN,Denver Nuggets,0022200012,2022-10-19,DEN @ UTA,L,240,40,83,0.482,5,22,0.227,17,18,0.944,10,25,35,21,10,3,21,23,102,-21,1
7,22022,1610612766,CHA,Charlotte Hornets,0022200011,2022-10-19,CHA @ SAS,H,240,48,94,0.511,13,29,0.448,20,23,0.87,14,37,51,26,7,10,15,20,129,27,1,22022,1610612750,MIN,Minnesota Timberwolves,0022200010,2022-10-19,MIN vs. OKC,W,240,39,94,0.415,10,38,0.263,27,33,0.818,14,41,55,25,6,5,14,21,115,7,1
8,22022,1610612760,OKC,Oklahoma City Thunder,0022200010,2022-10-19,OKC @ MIN,A,240,38,99,0.384,14,45,0.311,18,22,0.818,16,41,57,22,6,6,14,26,108,-7,1,22022,1610612739,CLE,Cleveland Cavaliers,0022200008,2022-10-19,CLE @ TOR,L,240,38,77,0.494,10,28,0.357,19,23,0.826,6,32,38,25,5,5,17,21,105,-3,1
9,22022,1610612761,TOR,Toronto Raptors,0022200008,2022-10-19,TOR vs. CLE,H,240,36,86,0.419,13,30,0.433,23,32,0.719,12,29,41,19,15,4,13,23,108,3,1,22022,1610612759,SAS,San Antonio Spurs,0022200011,2022-10-19,SAS vs. CHA,L,240,40,99,0.404,7,34,0.206,15,21,0.714,14,30,44,22,8,8,15,19,102,-27,1
10,22022,1610612752,NYK,New York Knicks,0022200009,2022-10-19,NYK @ MEM,A,265,44,109,0.404,9,37,0.243,15,18,0.833,18,36,54,28,7,5,12,26,112,-3,1,22022,1610612763,MEM,Memphis Grizzlies,0022200009,2022-10-19,MEM vs. NYK,W,265,42,108,0.389,17,50,0.34,14,23,0.609,20,44,64,27,6,7,14,17,115,3,1
11,22022,1610612748,MIA,Miami Heat,0022200007,2022-10-19,MIA vs. CHI,A,240,37,80,0.463,12,28,0.429,22,28,0.786,8,38,46,21,6,2,19,24,108,-8,1,22022,1610612741,CHI,Chicago Bulls,0022200007,2022-10-19,CHI @ MIA,W,240,41,93,0.441,13,36,0.361,21,28,0.75,12,34,46,23,12,6,15,26,116,8,1
12,22022,1610612740,NOP,New Orleans Pelicans,0022200006,2022-10-19,NOP @ BKN,H,240,50,102,0.49,12,26,0.462,18,25,0.72,21,40,61,31,9,4,13,21,130,22,1,22022,1610612765,DET,Detroit Pistons,0022200003,2022-10-19,DET vs. ORL,W,240,40,94,0.426,14,38,0.368,19,24,0.792,12,29,41,31,11,4,13,21,113,4,1
13,22022,1610612737,ATL,Atlanta Hawks,0022200005,2022-10-19,ATL vs. HOU,H,240,45,90,0.5,7,25,0.28,20,24,0.833,4,34,38,30,12,5,9,18,117,10,1,22022,1610612745,HOU,Houston Rockets,0022200005,2022-10-19,HOU @ ATL,L,240,42,98,0.429,9,35,0.257,14,15,0.933,15,39,54,25,4,3,16,20,107,-10,1
14,22022,1610612749,MIL,Milwaukee Bucks,0022200015,2022-10-20,MIL @ PHI,H,240,34,84,0.405,13,42,0.31,9,14,0.643,7,41,48,24,4,6,14,16,90,2,1,22022,1610612755,PHI,Philadelphia 76ers,0022200015,2022-10-20,PHI vs. MIL,L,240,36,83,0.434,5,24,0.208,11,13,0.846,6,38,44,17,6,5,10,14,88,-2,1
15,22022,1610612746,LAC,LA Clippers,0022200016,2022-10-20,LAC @ LAL,H,240,37,80,0.463,9,29,0.31,20,31,0.645,10,48,58,18,7,7,23,24,103,6,1,22022,1610612747,LAL,Los Angeles Lakers,0022200016,2022-10-20,LAL vs. LAC,L,240,33,94,0.351,9,45,0.2,22,26,0.846,8,30,38,23,13,5,10,24,97,-6,1
16,22022,1610612763,MEM,Memphis Grizzlies,0022200024,2022-10-21,MEM @ HOU,H,240,45,98,0.459,19,42,0.452,20,29,0.69,17,33,50,26,8,10,12,21,129,7,1,22022,1610612756,PHX,Phoenix Suns,0022200027,2022-10-21,PHX @ POR,L,265,43,94,0.457,10,27,0.37,15,21,0.714,9,32,41,31,14,1,17,29,111,-2,1
17,22022,1610612761,TOR,Toronto Raptors,0022200021,2022-10-21,TOR @ BKN,A,240,41,84,0.488,11,28,0.393,12,18,0.667,8,33,41,25,9,4,15,21,105,-4,1,22022,1610612757,POR,Portland Trail Blazers,0022200027,2022-10-21,POR vs. PHX,W,265,36,82,0.439,10,29,0.345,31,36,0.861,13,35,48,14,8,5,21,19,113,2,1
18,22022,1610612744,GSW,Golden State Warriors,0022200026,2022-10-21,GSW vs. DEN,A,240,42,88,0.477,15,44,0.341,24,27,0.889,7,28,35,34,10,3,19,23,123,-5,1,22022,1610612750,MIN,Minnesota Timberwolves,0022200025,2022-10-21,MIN vs. UTA,L,265,49,107,0.458,11,33,0.333,17,23,0.739,21,39,60,20,5,7,20,22,126,-6,1
19,22022,1610612753,ORL,Orlando Magic,0022200020,2022-10-21,ORL @ ATL,A,240,33,80,0.413,8,34,0.235,24,30,0.8,10,34,44,16,9,7,19,19,98,-10,1,22022,1610612743,DEN,Denver Nuggets,0022200026,2022-10-21,DEN @ GSW,W,240,46,86,0.535,15,34,0.441,21,25,0.84,12,29,41,30,10,2,20,22,128,5,1
20,22022,1610612754,IND,Indiana Pacers,0022200018,2022-10-21,IND vs. SAS,A,240,51,104,0.49,11,35,0.314,21,22,0.955,14,28,42,32,8,6,16,34,134,-3,1,22022,1610612766,CHA,Charlotte Hornets,0022200017,2022-10-21,CHA vs. NOP,L,240,44,97,0.454,13,34,0.382,11,14,0.786,11,26,37,30,9,4,14,24,112,-12,1
21,22022,1610612752,NYK,New York Knicks,0022200023,2022-10-21,NYK vs. DET,H,240,50,95,0.526,16,38,0.421,14,22,0.636,11,39,50,29,4,6,12,26,130,24,1,22022,1610612762,UTA,Utah Jazz,0022200025,2022-10-21,UTA @ MIN,W,265,49,111,0.441,20,50,0.4,14,21,0.667,19,35,54,39,11,8,13,23,132,6,1
22,22022,1610612745,HOU,Houston Rockets,0022200024,2022-10-21,HOU vs. MEM,A,240,44,93,0.473,16,35,0.457,18,30,0.6,13,32,45,18,4,6,14,22,122,-7,1,22022,1610612751,BKN,Brooklyn Nets,0022200021,2022-10-21,BKN vs. TOR,W,240,38,80,0.475,13,35,0.371,20,29,0.69,13,31,44,26,3,13,13,19,109,4,1
23,22022,1610612759,SAS,San Antonio Spurs,0022200018,2022-10-21,SAS @ IND,H,240,44,81,0.543,17,31,0.548,32,44,0.727,7,30,37,34,9,4,17,22,137,3,1,22022,1610612738,BOS,Boston Celtics,0022200022,2022-10-21,BOS @ MIA,W,240,41,79,0.519,14,33,0.424,15,15,1.0,12,31,43,17,4,11,20,23,111,7,1
24,22022,1610612765,DET,Detroit Pistons,0022200023,2022-10-21,DET @ NYK,A,240,39,90,0.433,9,36,0.25,19,32,0.594,13,36,49,26,6,2,15,21,106,-24,1,22022,1610612748,MIA,Miami Heat,0022200022,2022-10-21,MIA vs. BOS,L,240,42,92,0.457,8,26,0.308,12,15,0.8,11,25,36,23,8,3,10,18,104,-7,1
25,22022,1610612737,ATL,Atlanta Hawks,0022200020,2022-10-21,ATL vs. ORL,H,240,40,89,0.449,13,31,0.419,15,16,0.938,9,37,46,26,10,2,17,22,108,10,1,22022,1610612764,WAS,Washington Wizards,0022200019,2022-10-21,WAS vs. CHI,W,240,41,80,0.513,10,26,0.385,10,11,0.909,5,34,39,26,8,8,17,22,102,2,1
26,22022,1610612741,CHI,Chicago Bulls,0022200019,2022-10-21,CHI @ WAS,A,240,33,79,0.418,7,27,0.259,27,33,0.818,10,28,38,19,8,3,13,15,100,-2,1,22022,1610612740,NOP,New Orleans Pelicans,0022200017,2022-10-21,NOP @ CHA,W,240,42,89,0.472,8,22,0.364,32,37,0.865,15,38,53,23,9,7,16,14,124,12,1
27,22022,1610612748,MIA,Miami Heat,0022200031,2022-10-22,MIA vs. TOR,H,240,38,76,0.5,11,30,0.367,25,27,0.926,6,38,44,28,2,2,16,26,112,3,1,22022,1610612739,CLE,Cleveland Cavaliers,0022200032,2022-10-22,CLE @ CHI,W,240,48,85,0.565,16,27,0.593,16,18,0.889,8,40,48,32,4,5,18,17,128,32,1
28,22022,1610612742,DAL,Dallas Mavericks,0022200034,2022-10-22,DAL vs. MEM,H,240,45,90,0.5,17,39,0.436,30,36,0.833,15,37,52,23,7,7,15,24,137,41,1,22022,1610612763,MEM,Memphis Grizzlies,0022200034,2022-10-22,MEM @ DAL,L,240,34,79,0.43,9,33,0.273,19,24,0.792,6,23,29,20,4,8,18,29,96,-41,1
29,22022,1610612759,SAS,San Antonio Spurs,0022200028,2022-10-22,SAS @ PHI,H,240,43,89,0.483,16,38,0.421,12,15,0.8,12,31,43,27,5,7,14,20,114,9,1,22022,1610612755,PHI,Philadelphia 76ers,0022200028,2022-10-22,PHI vs. SAS,L,240,37,84,0.44,10,31,0.323,21,28,0.75,12,28,40,26,6,5,12,15,105,-9,1
30,22022,1610612745,HOU,Houston Rockets,0022200033,2022-10-22,HOU @ MIL,A,240,36,93,0.387,16,37,0.432,17,22,0.773,15,32,47,20,9,6,14,22,105,-20,1,22022,1610612760,OKC,Oklahoma City Thunder,0022200035,2022-10-22,OKC @ DEN,L,240,42,94,0.447,15,38,0.395,18,23,0.783,10,37,47,29,10,5,13,27,117,-5,1
31,22022,1610612749,MIL,Milwaukee Bucks,0022200033,2022-10-22,MIL vs. HOU,H,240,48,85,0.565,16,31,0.516,13,21,0.619,8,39,47,29,6,10,16,22,125,20,1,22022,1610612758,SAC,Sacramento Kings,0022200036,2022-10-22,SAC vs. LAC,L,240,40,85,0.471,14,35,0.4,15,26,0.577,9,30,39,24,5,5,12,21,109,-2,1
32,22022,1610612738,BOS,Boston Celtics,0022200030,2022-10-22,BOS @ ORL,H,240,42,87,0.483,19,47,0.404,23,28,0.821,7,30,37,24,5,6,8,21,126,6,1,22022,1610612741,CHI,Chicago Bulls,0022200032,2022-10-22,CHI vs. CLE,L,240,34,84,0.405,7,29,0.241,21,25,0.84,10,25,35,19,12,7,10,19,96,-32,1
33,22022,1610612765,DET,Detroit Pistons,0022200029,2022-10-22,DET @ IND,A,240,37,95,0.389,18,42,0.429,23,30,0.767,17,36,53,26,5,3,14,20,115,-9,1,22022,1610612761,TOR,Toronto Raptors,0022200031,2022-10-22,TOR @ MIA,L,240,37,87,0.425,14,39,0.359,21,28,0.75,8,29,37,24,9,5,6,25,109,-3,1
34,22022,1610612753,ORL,Orlando Magic,0022200030,2022-10-22,ORL vs. BOS,A,240,45,95,0.474,15,34,0.441,15,23,0.652,12,36,48,21,5,7,9,24,120,-6,1,22022,1610612743,DEN,Denver Nuggets,0022200035,2022-10-22,DEN vs. OKC,W,240,42,85,0.494,20,38,0.526,18,31,0.581,9,37,46,33,5,6,18,21,122,5,1
35,22022,1610612746,LAC,LA Clippers,0022200036,2022-10-22,LAC @ SAC,H,240,41,81,0.506,9,22,0.409,20,22,0.909,5,35,40,24,8,3,13,21,111,2,1,22022,1610612754,IND,Indiana Pacers,0022200029,2022-10-22,IND vs. DET,W,240,45,103,0.437,16,42,0.381,18,24,0.75,20,39,59,28,7,15,11,21,124,9,1
36,22022,1610612764,WAS,Washington Wizards,0022200039,2022-10-23,WAS @ CLE,A,265,43,87,0.494,12,28,0.429,9,15,0.6,4,31,35,25,9,4,20,24,107,-10,1,22022,1610612766,CHA,Charlotte Hornets,0022200038,2022-10-23,CHA @ ATL,W,240,47,90,0.522,11,26,0.423,21,30,0.7,14,38,52,28,7,6,14,24,126,17,1
37,22022,1610612756,PHX,Phoenix Suns,0022200043,2022-10-23,PHX @ LAC,H,240,43,93,0.462,15,42,0.357,11,12,0.917,13,36,49,29,5,3,13,18,112,17,1,22022,1610612760,OKC,Oklahoma City Thunder,0022200041,2022-10-23,OKC vs. MIN,L,240,41,94,0.436,9,41,0.22,15,21,0.714,11,31,42,24,7,4,11,15,106,-10,1
38,22022,1610612750,MIN,Minnesota Timberwolves,0022200041,2022-10-23,MIN @ OKC,H,240,46,88,0.523,10,34,0.294,14,22,0.636,12,42,54,24,9,3,15,17,116,10,1,22022,1610612737,ATL,Atlanta Hawks,0022200038,2022-10-23,ATL vs. CHA,L,240,39,95,0.411,8,35,0.229,23,28,0.821,16,29,45,23,8,9,12,21,109,-17,1
39,22022,1610612762,UTA,Utah Jazz,0022200040,2022-10-23,UTA @ NOP,H,265,43,98,0.439,13,38,0.342,23,28,0.821,15,29,44,29,13,6,17,20,122,1,1,22022,1610612740,NOP,New Orleans Pelicans,0022200040,2022-10-23,NOP vs. UTA,L,265,48,102,0.471,8,27,0.296,17,22,0.773,14,31,45,30,8,6,17,22,121,-1,1
40,22022,1610612757,POR,Portland Trail Blazers,0022200037,2022-10-23,POR @ LAL,H,240,37,84,0.44,10,27,0.37,22,27,0.815,13,39,52,19,6,5,19,20,106,2,1,22022,1610612747,LAL,Los Angeles Lakers,0022200037,2022-10-23,LAL vs. POR,L,240,41,92,0.446,6,33,0.182,16,20,0.8,10,30,40,26,9,9,13,24,104,-2,1
41,22022,1610612739,CLE,Cleveland Cavaliers,0022200039,2022-10-23,CLE vs. WAS,H,265,41,96,0.427,13,33,0.394,22,25,0.88,16,32,48,19,10,5,13,20,117,10,1,22022,1610612744,GSW,Golden State Warriors,0022200042,2022-10-23,GSW vs. SAC,W,240,45,87,0.517,14,33,0.424,26,36,0.722,6,31,37,24,7,5,13,21,130,5,1
42,22022,1610612758,SAC,Sacramento Kings,0022200042,2022-10-23,SAC @ GSW,A,240,47,100,0.47,11,43,0.256,20,25,0.8,13,38,51,31,10,2,16,29,125,-5,1,22022,1610612746,LAC,LA Clippers,0022200043,2022-10-23,LAC vs. PHX,L,240,36,82,0.439,9,32,0.281,14,20,0.7,9,34,43,16,10,0,15,18,95,-17,1
43,22022,1610612755,PHI,Philadelphia 76ers,0022200044,2022-10-24,PHI vs. IND,H,240,38,80,0.475,19,43,0.442,25,28,0.893,7,32,39,25,8,7,8,20,120,14,1,22022,1610612761,TOR,Toronto Raptors,0022200045,2022-10-24,TOR @ MIA,W,240,34,86,0.395,14,32,0.438,16,20,0.8,10,42,52,22,6,6,12,22,98,8,1
44,22022,1610612762,UTA,Utah Jazz,0022200048,2022-10-24,UTA @ HOU,A,240,44,93,0.473,11,32,0.344,9,16,0.563,18,31,49,23,8,10,20,27,108,-6,1,22022,1610612745,HOU,Houston Rockets,0022200048,2022-10-24,HOU vs. UTA,W,240,38,90,0.422,11,35,0.314,27,32,0.844,17,30,47,17,7,7,16,20,114,6,1
45,22022,1610612743,DEN,Denver Nuggets,0022200051,2022-10-24,DEN @ POR,A,240,45,91,0.495,12,31,0.387,8,14,0.571,10,28,38,28,4,1,8,28,110,-25,1,22022,1610612759,SAS,San Antonio Spurs,0022200050,2022-10-24,SAS @ MIN,W,240,48,105,0.457,12,37,0.324,7,13,0.538,14,36,50,37,11,0,13,21,115,9,1
46,22022,1610612750,MIN,Minnesota Timberwolves,0022200050,2022-10-24,MIN vs. SAS,A,240,38,86,0.442,8,31,0.258,22,24,0.917,10,40,50,24,7,5,16,18,106,-9,1,22022,1610612741,CHI,Chicago Bulls,0022200047,2022-10-24,CHI vs. BOS,W,240,42,87,0.483,10,21,0.476,26,29,0.897,14,46,60,29,4,6,14,18,120,18,1
47,22022,1610612751,BKN,Brooklyn Nets,0022200049,2022-10-24,BKN @ MEM,A,240,47,87,0.54,9,29,0.31,21,26,0.808,9,26,35,27,4,7,11,30,124,-10,1,22022,1610612738,BOS,Boston Celtics,0022200047,2022-10-24,BOS @ CHI,L,240,37,100,0.37,18,48,0.375,10,12,0.833,14,31,45,26,5,7,11,24,102,-18,1
48,22022,1610612748,MIA,Miami Heat,0022200045,2022-10-24,MIA vs. TOR,A,240,29,83,0.349,8,34,0.235,24,27,0.889,8,38,46,19,5,3,12,15,90,-8,1,22022,1610612757,POR,Portland Trail Blazers,0022200051,2022-10-24,POR vs. DEN,W,240,48,83,0.578,16,35,0.457,23,31,0.742,9,36,45,23,3,6,10,15,135,25,1
49,22022,1610612752,NYK,New York Knicks,0022200046,2022-10-24,NYK vs. ORL,H,240,43,93,0.462,11,37,0.297,18,25,0.72,18,32,50,24,7,3,14,24,115,13,1,22022,1610612753,ORL,Orlando Magic,0022200046,2022-10-24,ORL @ NYK,L,240,36,86,0.419,7,35,0.2,23,27,0.852,13,28,41,14,6,4,13,23,102,-13,1
50,22022,1610612754,IND,Indiana Pacers,0022200044,2022-10-24,IND @ PHI,A,240,38,90,0.422,12,44,0.273,18,23,0.783,14,33,47,27,3,4,13,23,106,-14,1,22022,1610612763,MEM,Memphis Grizzlies,0022200049,2022-10-24,MEM vs. BKN,W,240,47,94,0.5,16,34,0.471,24,31,0.774,12,26,38,21,7,3,9,22,134,10,1
51,22022,1610612764,WAS,Washington Wizards,0022200052,2022-10-25,WAS vs. DET,H,240,44,85,0.518,10,33,0.303,22,26,0.846,9,38,47,26,7,7,12,21,120,21,1,22022,1610612746,LAC,LA Clippers,0022200054,2022-10-25,LAC @ OKC,L,240,35,83,0.422,10,31,0.323,14,18,0.778,7,40,47,21,5,14,19,18,94,-14,1
52,22022,1610612744,GSW,Golden State Warriors,0022200055,2022-10-25,GSW @ PHX,A,240,41,91,0.451,10,35,0.286,13,17,0.765,10,30,40,28,7,7,16,28,105,-29,1,22022,1610612765,DET,Detroit Pistons,0022200052,2022-10-25,DET @ WAS,L,240,36,88,0.409,8,28,0.286,19,25,0.76,11,30,41,12,6,1,13,26,99,-21,1
53,22022,1610612742,DAL,Dallas Mavericks,0022200053,2022-10-25,DAL @ NOP,A,240,41,82,0.5,12,39,0.308,17,24,0.708,11,26,37,18,8,5,12,16,111,-2,1,22022,1610612740,NOP,New Orleans Pelicans,0022200053,2022-10-25,NOP vs. DAL,W,240,44,76,0.579,12,27,0.444,13,18,0.722,4,22,26,25,7,3,14,21,113,2,1
54,22022,1610612760,OKC,Oklahoma City Thunder,0022200054,2022-10-25,OKC vs. LAC,H,240,42,110,0.382,4,30,0.133,20,25,0.8,21,39,60,19,12,8,6,13,108,14,1,22022,1610612756,PHX,Phoenix Suns,0022200055,2022-10-25,PHX vs. GSW,W,240,47,92,0.511,12,29,0.414,28,34,0.824,14,34,48,31,8,4,14,19,134,29,1
55,22022,1610612757,POR,Portland Trail Blazers,0022200065,2022-10-26,POR vs. MIA,A,240,34,78,0.436,12,37,0.324,18,26,0.692,11,27,38,20,9,4,19,17,98,-21,1,22022,1610612743,DEN,Denver Nuggets,0022200064,2022-10-26,DEN vs. LAL,W,240,42,92,0.457,9,34,0.265,17,21,0.81,9,45,54,34,12,5,11,17,110,11,1
56,22022,1610612759,SAS,San Antonio Spurs,0022200062,2022-10-26,SAS @ MIN,A,240,43,95,0.453,16,36,0.444,20,22,0.909,14,27,41,34,6,2,16,18,122,-12,1,22022,1610612761,TOR,Toronto Raptors,0022200059,2022-10-26,TOR vs. PHI,W,240,46,84,0.548,16,37,0.432,11,14,0.786,6,33,39,32,9,5,9,21,119,10,1
57,22022,1610612752,NYK,New York Knicks,0022200058,2022-10-26,NYK vs. CHA,H,265,52,97,0.536,11,30,0.367,19,22,0.864,12,34,46,26,5,11,16,24,134,3,1,22022,1610612747,LAL,Los Angeles Lakers,0022200064,2022-10-26,LAL @ DEN,L,240,40,90,0.444,8,30,0.267,11,16,0.688,7,40,47,25,8,4,14,16,99,-11,1
58,22022,1610612762,UTA,Utah Jazz,0022200063,2022-10-26,UTA vs. HOU,H,240,38,90,0.422,13,45,0.289,20,30,0.667,11,42,53,28,11,5,16,28,109,8,1,22022,1610612755,PHI,Philadelphia 76ers,0022200059,2022-10-26,PHI @ TOR,L,240,40,79,0.506,16,36,0.444,13,19,0.684,4,30,34,29,6,2,13,12,109,-10,1
59,22022,1610612748,MIA,Miami Heat,0022200065,2022-10-26,MIA @ POR,H,240,44,87,0.506,15,38,0.395,16,19,0.842,15,31,46,34,13,2,18,22,119,21,1,22022,1610612753,ORL,Orlando Magic,0022200056,2022-10-26,ORL @ CLE,L,240,35,81,0.432,6,24,0.25,16,21,0.762,10,33,43,19,6,6,17,29,92,-11,1
60,22022,1610612751,BKN,Brooklyn Nets,0022200060,2022-10-26,BKN @ MIL,A,240,34,86,0.395,7,27,0.259,24,30,0.8,7,30,37,23,7,6,14,24,99,-11,1,22022,1610612739,CLE,Cleveland Cavaliers,0022200056,2022-10-26,CLE vs. ORL,W,240,36,87,0.414,10,33,0.303,21,30,0.7,12,31,43,25,6,3,13,22,103,11,1
61,22022,1610612749,MIL,Milwaukee Bucks,0022200060,2022-10-26,MIL vs. BKN,H,240,39,88,0.443,10,36,0.278,22,29,0.759,14,40,54,21,8,12,19,22,110,11,1,22022,1610612750,MIN,Minnesota Timberwolves,0022200062,2022-10-26,MIN vs. SAS,W,240,52,80,0.65,20,34,0.588,10,16,0.625,0,30,30,37,9,6,17,19,134,12,1
62,22022,1610612766,CHA,Charlotte Hornets,0022200058,2022-10-26,CHA @ NYK,A,265,49,99,0.495,13,31,0.419,20,30,0.667,9,33,42,31,9,5,15,24,131,-3,1,22022,1610612737,ATL,Atlanta Hawks,0022200057,2022-10-26,ATL @ DET,W,240,45,91,0.495,8,22,0.364,20,25,0.8,10,36,46,22,6,12,12,20,118,5,1
63,22022,1610612741,CHI,Chicago Bulls,0022200061,2022-10-26,CHI vs. IND,H,240,43,87,0.494,16,30,0.533,22,24,0.917,9,35,44,34,10,5,18,25,124,15,1,22022,1610612765,DET,Detroit Pistons,0022200057,2022-10-26,DET vs. ATL,L,240,42,91,0.462,14,32,0.438,15,22,0.682,10,30,40,23,4,6,14,25,113,-5,1
64,22022,1610612754,IND,Indiana Pacers,0022200061,2022-10-26,IND @ CHI,A,240,37,86,0.43,16,40,0.4,19,24,0.792,6,32,38,31,5,12,20,18,109,-15,1,22022,1610612745,HOU,Houston Rockets,0022200063,2022-10-26,HOU @ UTA,L,240,36,94,0.383,11,40,0.275,18,24,0.75,14,35,49,19,7,2,19,30,101,-8,1
65,22022,1610612742,DAL,Dallas Mavericks,0022200066,2022-10-27,DAL @ BKN,H,265,41,81,0.506,20,40,0.5,27,35,0.771,7,30,37,25,8,4,18,23,129,4,1,22022,1610612763,MEM,Memphis Grizzlies,0022200069,2022-10-27,MEM @ SAC,W,240,49,92,0.533,14,33,0.424,13,18,0.722,11,32,43,27,5,3,14,18,125,15,1
66,22022,1610612758,SAC,Sacramento Kings,0022200069,2022-10-27,SAC vs. MEM,A,240,40,83,0.482,12,38,0.316,18,22,0.818,9,31,40,28,5,2,13,20,110,-15,1,22022,1610612748,MIA,Miami Heat,0022200068,2022-10-27,MIA @ GSW,L,240,39,88,0.443,14,43,0.326,18,22,0.818,8,23,31,25,16,5,12,15,110,-13,1
67,22022,1610612746,LAC,LA Clippers,0022200067,2022-10-27,LAC @ OKC,A,240,44,82,0.537,9,28,0.321,13,18,0.722,10,34,44,21,6,5,20,17,110,-8,1,22022,1610612760,OKC,Oklahoma City Thunder,0022200067,2022-10-27,OKC vs. LAC,W,240,47,95,0.495,17,38,0.447,7,8,0.875,13,23,36,27,10,4,12,21,118,8,1
68,22022,1610612751,BKN,Brooklyn Nets,0022200066,2022-10-27,BKN vs. DAL,A,265,43,93,0.462,12,35,0.343,27,30,0.9,13,32,45,20,10,6,15,28,125,-4,1,22022,1610612744,GSW,Golden State Warriors,0022200068,2022-10-27,GSW vs. MIA,W,240,46,92,0.5,18,46,0.391,13,15,0.867,16,34,50,30,4,2,21,13,123,13,1
69,22022,1610612762,UTA,Utah Jazz,0022200078,2022-10-28,UTA @ DEN,A,240,38,91,0.418,10,39,0.256,15,19,0.789,8,30,38,24,7,8,10,30,101,-16,1,22022,1610612743,DEN,Denver Nuggets,0022200078,2022-10-28,DEN vs. UTA,W,240,39,85,0.459,17,37,0.459,22,34,0.647,17,41,58,18,2,4,12,18,117,16,1
70,22022,1610612753,ORL,Orlando Magic,0022200071,2022-10-28,ORL vs. CHA,H,240,42,85,0.494,10,37,0.27,19,26,0.731,5,43,48,28,8,5,12,22,113,20,1,22022,1610612766,CHA,Charlotte Hornets,0022200071,2022-10-28,CHA @ ORL,L,240,33,86,0.384,11,38,0.289,16,24,0.667,10,37,47,21,3,4,15,18,93,-20,1
71,22022,1610612739,CLE,Cleveland Cavaliers,0022200072,2022-10-28,CLE @ BOS,H,265,45,87,0.517,16,35,0.457,26,34,0.765,9,33,42,18,5,2,16,28,132,9,1,22022,1610612754,IND,Indiana Pacers,0022200074,2022-10-28,IND @ WAS,W,240,41,81,0.506,15,29,0.517,30,33,0.909,5,36,41,30,4,7,14,19,127,10,1
72,22022,1610612747,LAL,Los Angeles Lakers,0022200076,2022-10-28,LAL @ MIN,A,240,37,89,0.416,9,29,0.31,19,27,0.704,12,43,55,20,8,5,22,21,102,-9,1,22022,1610612740,NOP,New Orleans Pelicans,0022200079,2022-10-28,NOP @ PHX,L,240,38,86,0.442,15,37,0.405,20,22,0.909,9,24,33,25,10,1,14,21,111,-13,1
73,22022,1610612757,POR,Portland Trail Blazers,0022200080,2022-10-28,POR vs. HOU,H,240,48,90,0.533,13,35,0.371,16,20,0.8,11,34,45,30,9,6,16,19,125,14,1,22022,1610612745,HOU,Houston Rockets,0022200080,2022-10-28,HOU @ POR,L,240,40,94,0.426,14,38,0.368,17,21,0.81,13,26,39,23,10,6,17,18,111,-14,1
74,22022,1610612741,CHI,Chicago Bulls,0022200077,2022-10-28,CHI @ SAS,A,240,47,99,0.475,9,27,0.333,21,26,0.808,15,27,42,20,13,3,13,19,124,-5,1,22022,1610612752,NYK,New York Knicks,0022200075,2022-10-28,NYK @ MIL,L,240,37,93,0.398,12,35,0.343,22,32,0.688,13,41,54,19,6,5,13,19,108,-11,1
75,22022,1610612749,MIL,Milwaukee Bucks,0022200075,2022-10-28,MIL vs. NYK,H,240,42,109,0.385,13,45,0.289,22,27,0.815,19,41,60,23,8,8,7,23,119,11,1,22022,1610612738,BOS,Boston Celtics,0022200072,2022-10-28,BOS vs. CLE,L,265,42,82,0.512,13,33,0.394,26,32,0.813,5,29,34,28,9,2,19,27,123,-9,1
76,22022,1610612764,WAS,Washington Wizards,0022200074,2022-10-28,WAS vs. IND,A,240,41,86,0.477,12,30,0.4,23,28,0.821,9,29,38,25,5,3,13,23,117,-10,1,22022,1610612761,TOR,Toronto Raptors,0022200073,2022-10-28,TOR vs. PHI,L,240,33,86,0.384,9,39,0.231,15,24,0.625,15,30,45,20,9,5,17,15,90,-22,1
77,22022,1610612755,PHI,Philadelphia 76ers,0022200073,2022-10-28,PHI @ TOR,H,240,43,82,0.524,16,38,0.421,10,11,0.909,7,34,41,25,11,6,15,20,112,22,1,22022,1610612765,DET,Detroit Pistons,0022200070,2022-10-28,DET vs. ATL,L,240,37,86,0.43,7,32,0.219,31,38,0.816,14,28,42,18,2,4,11,22,112,-24,1
78,22022,1610612737,ATL,Atlanta Hawks,0022200070,2022-10-28,ATL @ DET,H,240,55,97,0.567,12,29,0.414,14,18,0.778,10,35,45,31,5,8,7,26,136,24,1,22022,1610612756,PHX,Phoenix Suns,0022200079,2022-10-28,PHX vs. NOP,W,240,48,92,0.522,10,33,0.303,18,20,0.9,14,33,47,33,7,7,12,18,124,13,1
79,22022,1610612750,MIN,Minnesota Timberwolves,0022200076,2022-10-28,MIN vs. LAL,H,240,41,99,0.414,13,40,0.325,16,24,0.667,14,35,49,27,13,8,10,21,111,9,1,22022,1610612759,SAS,San Antonio Spurs,0022200077,2022-10-28,SAS vs. CHI,W,240,46,86,0.535,16,38,0.421,21,26,0.808,8,34,42,37,7,3,21,17,129,5,1
80,22022,1610612744,GSW,Golden State Warriors,0022200082,2022-10-29,GSW @ CHA,A,265,44,100,0.44,13,44,0.295,12,16,0.75,10,39,49,31,8,6,10,31,113,-7,1,22022,1610612754,IND,Indiana Pacers,0022200083,2022-10-29,IND @ BKN,W,240,40,94,0.426,23,46,0.5,22,26,0.846,17,36,53,31,7,1,12,25,125,9,1
81,22022,1610612742,DAL,Dallas Mavericks,0022200086,2022-10-29,DAL vs. OKC,A,265,38,95,0.4,8,40,0.2,27,34,0.794,12,37,49,17,8,5,16,30,111,-6,1,22022,1610612760,OKC,Oklahoma City Thunder,0022200086,2022-10-29,OKC @ DAL,W,265,44,89,0.494,5,25,0.2,24,31,0.774,9,38,47,25,9,6,15,29,117,6,1
82,22022,1610612762,UTA,Utah Jazz,0022200087,2022-10-29,UTA vs. MEM,H,240,45,87,0.517,19,44,0.432,15,20,0.75,10,24,34,30,8,6,20,17,124,1,1,22022,1610612751,BKN,Brooklyn Nets,0022200083,2022-10-29,BKN vs. IND,L,240,41,82,0.5,14,39,0.359,20,26,0.769,6,28,34,29,6,9,9,20,116,-9,1
83,22022,1610612758,SAC,Sacramento Kings,0022200081,2022-10-29,SAC vs. MIA,H,240,42,76,0.553,14,31,0.452,21,29,0.724,6,37,43,27,1,6,21,29,119,6,1,22022,1610612741,CHI,Chicago Bulls,0022200084,2022-10-29,CHI vs. PHI,L,240,36,80,0.45,11,31,0.355,26,29,0.897,9,31,40,22,7,3,18,20,109,-5,1
84,22022,1610612737,ATL,Atlanta Hawks,0022200085,2022-10-29,ATL @ MIL,A,240,45,94,0.479,13,29,0.448,12,15,0.8,12,30,42,19,5,2,13,23,115,-8,1,22022,1610612748,MIA,Miami Heat,0022200081,2022-10-29,MIA @ SAC,L,240,38,89,0.427,11,28,0.393,26,31,0.839,9,25,34,18,7,3,9,25,113,-6,1
85,22022,1610612749,MIL,Milwaukee Bucks,0022200085,2022-10-29,MIL vs. ATL,H,240,45,92,0.489,14,36,0.389,19,29,0.655,14,35,49,24,8,5,12,18,123,8,1,22022,1610612763,MEM,Memphis Grizzlies,0022200087,2022-10-29,MEM @ UTA,L,240,50,88,0.568,12,27,0.444,11,15,0.733,10,30,40,24,11,5,20,26,123,-1,1
86,22022,1610612755,PHI,Philadelphia 76ers,0022200084,2022-10-29,PHI @ CHI,H,240,39,79,0.494,14,29,0.483,22,27,0.815,8,33,41,28,8,6,19,22,114,5,1,22022,1610612766,CHA,Charlotte Hornets,0022200082,2022-10-29,CHA vs. GSW,W,265,43,102,0.422,10,31,0.323,24,31,0.774,15,40,55,32,2,2,10,14,120,7,1
87,22022,1610612739,CLE,Cleveland Cavaliers,0022200090,2022-10-30,CLE vs. NYK,H,240,41,89,0.461,23,50,0.46,16,19,0.842,10,33,43,33,3,5,14,22,121,13,1,22022,1610612745,HOU,Houston Rockets,0022200094,2022-10-30,HOU @ PHX,L,240,38,87,0.437,11,34,0.324,22,26,0.846,17,32,49,18,7,1,15,25,109,-15,1
88,22022,1610612753,ORL,Orlando Magic,0022200093,2022-10-30,ORL @ DAL,A,240,37,81,0.457,11,29,0.379,20,27,0.741,11,36,47,20,2,5,12,23,105,-9,1,22022,1610612744,GSW,Golden State Warriors,0022200091,2022-10-30,GSW @ DET,L,240,39,92,0.424,12,39,0.308,24,25,0.96,13,29,42,23,8,4,15,24,114,-14,1
89,22022,1610612764,WAS,Washington Wizards,0022200089,2022-10-30,WAS @ BOS,A,240,38,98,0.388,7,32,0.219,11,16,0.688,15,36,51,22,5,6,10,20,94,-18,1,22022,1610612738,BOS,Boston Celtics,0022200089,2022-10-30,BOS vs. WAS,W,240,36,79,0.456,21,47,0.447,19,20,0.95,4,43,47,29,4,5,14,15,112,18,1
90,22022,1610612743,DEN,Denver Nuggets,0022200095,2022-10-30,DEN @ LAL,A,240,41,96,0.427,15,40,0.375,13,18,0.722,13,35,48,24,3,8,9,15,110,-11,1,22022,1610612747,LAL,Los Angeles Lakers,0022200095,2022-10-30,LAL vs. DEN,W,240,46,96,0.479,13,30,0.433,16,20,0.8,13,38,51,24,5,5,9,17,121,11,1
91,22022,1610612756,PHX,Phoenix Suns,0022200094,2022-10-30,PHX vs. HOU,H,240,45,84,0.536,12,40,0.3,22,30,0.733,10,26,36,29,9,8,12,22,124,15,1,22022,1610612765,DET,Detroit Pistons,0022200091,2022-10-30,DET vs. GSW,W,240,40,83,0.482,14,33,0.424,34,38,0.895,12,35,47,24,4,3,16,25,128,14,1
92,22022,1610612742,DAL,Dallas Mavericks,0022200093,2022-10-30,DAL vs. ORL,H,240,41,83,0.494,11,35,0.314,21,28,0.75,5,32,37,15,10,1,4,22,114,9,1,22022,1610612759,SAS,San Antonio Spurs,0022200092,2022-10-30,SAS vs. MIN,W,240,36,86,0.419,16,40,0.4,19,25,0.76,14,38,52,27,6,7,20,21,107,9,1
93,22022,1610612750,MIN,Minnesota Timberwolves,0022200092,2022-10-30,MIN @ SAS,A,240,40,99,0.404,4,29,0.138,14,20,0.7,16,29,45,21,11,7,11,23,98,-9,1,22022,1610612752,NYK,New York Knicks,0022200090,2022-10-30,NYK @ CLE,L,240,45,92,0.489,10,27,0.37,8,16,0.5,12,33,45,26,9,2,14,25,108,-13,1
94,22022,1610612746,LAC,LA Clippers,0022200088,2022-10-30,LAC vs. NOP,A,240,36,86,0.419,11,39,0.282,8,13,0.615,8,31,39,24,3,6,15,15,91,-21,1,22022,1610612740,NOP,New Orleans Pelicans,0022200088,2022-10-30,NOP @ LAC,W,240,46,93,0.495,15,36,0.417,5,8,0.625,12,38,50,32,9,1,13,15,112,21,1
95,22022,1610612745,HOU,Houston Rockets,0022200102,2022-10-31,HOU @ LAC,A,240,34,88,0.386,8,28,0.286,17,23,0.739,7,37,44,17,9,8,15,16,93,-2,1,22022,1610612766,CHA,Charlotte Hornets,0022200096,2022-10-31,CHA vs. SAC,L,240,43,84,0.512,14,29,0.483,8,14,0.571,6,32,38,31,11,6,21,26,108,-7,1
96,22022,1610612763,MEM,Memphis Grizzlies,0022200101,2022-10-31,MEM @ UTA,A,240,38,92,0.413,6,26,0.231,23,42,0.548,18,34,52,14,8,4,16,17,105,-16,1,22022,1610612751,BKN,Brooklyn Nets,0022200098,2022-10-31,BKN vs. IND,W,240,43,80,0.538,11,30,0.367,19,20,0.95,6,33,39,26,11,9,20,18,116,7,1
97,22022,1610612762,UTA,Utah Jazz,0022200101,2022-10-31,UTA vs. MEM,H,240,42,89,0.472,19,47,0.404,18,22,0.818,11,37,48,26,10,6,16,30,121,16,1,22022,1610612765,DET,Detroit Pistons,0022200100,2022-10-31,DET @ MIL,L,240,41,92,0.446,8,29,0.276,18,21,0.857,13,30,43,19,9,3,12,24,108,-2,1
98,22022,1610612764,WAS,Washington Wizards,0022200097,2022-10-31,WAS vs. PHI,A,240,38,81,0.469,10,25,0.4,25,26,0.962,9,32,41,22,8,4,16,18,111,-7,1,22022,1610612754,IND,Indiana Pacers,0022200098,2022-10-31,IND @ BKN,L,240,41,87,0.471,11,39,0.282,16,23,0.696,10,28,38,23,11,5,24,24,109,-7,1
99,22022,1610612758,SAC,Sacramento Kings,0022200096,2022-10-31,SAC @ CHA,H,240,37,85,0.435,17,44,0.386,24,28,0.857,10,32,42,26,8,4,19,19,115,7,1,22022,1610612755,PHI,Philadelphia 76ers,0022200097,2022-10-31,PHI @ WAS,W,240,46,83,0.554,12,30,0.4,14,20,0.7,4,33,37,26,14,3,14,20,118,7,1
100,22022,1610612749,MIL,Milwaukee Bucks,0022200100,2022-10-31,MIL vs. DET,H,240,38,87,0.437,11,40,0.275,23,29,0.793,14,36,50,20,5,5,16,21,110,2,1,22022,1610612761,TOR,Toronto Raptors,0022200099,2022-10-31,TOR vs. ATL,W,240,46,92,0.5,14,34,0.412,33,40,0.825,12,32,44,25,13,9,7,22,139,30,1
101,22022,1610612737,ATL,Atlanta Hawks,0022200099,2022-10-31,ATL @ TOR,A,240,39,84,0.464,11,29,0.379,20,25,0.8,7,30,37,28,1,4,18,27,109,-30,1,22022,1610612746,LAC,LA Clippers,0022200102,2022-10-31,LAC vs. HOU,W,240,37,87,0.425,9,36,0.25,12,17,0.706,8,38,46,23,7,10,14,18,95,2,1
102,22022,1610612750,MIN,Minnesota Timberwolves,0022200106,2022-11-01,MIN @ PHX,A,240,37,87,0.425,13,34,0.382,20,24,0.833,10,32,42,24,5,4,18,24,107,-9,1,22022,1610612760,OKC,Oklahoma City Thunder,0022200105,2022-11-01,OKC vs. ORL,W,240,45,95,0.474,10,34,0.294,16,20,0.8,8,28,36,28,13,9,17,17,116,8,1
103,22022,1610612756,PHX,Phoenix Suns,0022200106,2022-11-01,PHX vs. MIN,H,240,41,89,0.461,17,43,0.395,17,22,0.773,7,27,34,31,9,8,11,20,116,9,1,22022,1610612741,CHI,Chicago Bulls,0022200103,2022-11-01,CHI @ BKN,W,240,39,89,0.438,12,30,0.4,18,21,0.857,11,33,44,20,8,4,10,13,108,9,1
104,22022,1610612744,GSW,Golden State Warriors,0022200104,2022-11-01,GSW @ MIA,A,240,39,84,0.464,18,49,0.367,13,17,0.765,10,31,41,31,8,5,20,22,109,-7,1,22022,1610612748,MIA,Miami Heat,0022200104,2022-11-01,MIA vs. GSW,W,240,40,88,0.455,16,42,0.381,20,20,1.0,9,30,39,32,7,3,15,16,116,7,1
105,22022,1610612751,BKN,Brooklyn Nets,0022200103,2022-11-01,BKN vs. CHI,A,240,36,74,0.486,12,32,0.375,15,19,0.789,4,34,38,27,4,7,18,20,99,-9,1,22022,1610612753,ORL,Orlando Magic,0022200105,2022-11-01,ORL @ OKC,L,240,39,87,0.448,10,29,0.345,20,20,1.0,12,37,49,20,7,10,25,14,108,-8,1
106,22022,1610612740,NOP,New Orleans Pelicans,0022200117,2022-11-02,NOP @ LAL,A,265,47,102,0.461,8,25,0.32,15,21,0.714,11,40,51,35,10,5,14,20,117,-3,1,22022,1610612755,PHI,Philadelphia 76ers,0022200108,2022-11-02,PHI vs. WAS,L,240,39,84,0.464,19,36,0.528,14,20,0.7,6,26,32,25,3,1,8,25,111,-10,1
107,22022,1610612747,LAL,Los Angeles Lakers,0022200117,2022-11-02,LAL vs. NOP,H,265,45,98,0.459,10,36,0.278,20,23,0.87,11,45,56,30,6,8,18,17,120,3,1,22022,1610612745,HOU,Houston Rockets,0022200112,2022-11-02,HOU vs. LAC,L,240,37,88,0.42,11,38,0.289,16,21,0.762,16,34,50,17,9,5,19,22,101,-8,1
108,22022,1610612763,MEM,Memphis Grizzlies,0022200116,2022-11-02,MEM @ POR,H,240,38,83,0.458,13,28,0.464,22,27,0.815,10,36,46,28,7,5,15,19,111,5,1,22022,1610612757,POR,Portland Trail Blazers,0022200116,2022-11-02,POR vs. MEM,L,240,36,89,0.404,13,33,0.394,21,26,0.808,16,30,46,27,5,3,20,17,106,-5,1
109,22022,1610612737,ATL,Atlanta Hawks,0022200110,2022-11-02,ATL @ NYK,H,240,44,107,0.411,12,34,0.353,12,16,0.75,17,34,51,28,11,4,9,18,112,13,1,22022,1610612752,NYK,New York Knicks,0022200110,2022-11-02,NYK vs. ATL,L,240,37,90,0.411,10,36,0.278,15,20,0.75,12,40,52,23,3,9,17,19,99,-13,1
110,22022,1610612762,UTA,Utah Jazz,0022200115,2022-11-02,UTA @ DAL,A,240,39,84,0.464,10,30,0.333,12,14,0.857,12,28,40,28,6,1,17,17,100,-3,1,22022,1610612742,DAL,Dallas Mavericks,0022200115,2022-11-02,DAL vs. UTA,W,240,42,84,0.5,11,38,0.289,8,15,0.533,7,30,37,20,9,4,12,14,103,3,1
111,22022,1610612746,LAC,LA Clippers,0022200112,2022-11-02,LAC @ HOU,H,240,41,84,0.488,12,33,0.364,15,19,0.789,9,34,43,20,10,6,15,20,109,8,1,22022,1610612766,CHA,Charlotte Hornets,0022200111,2022-11-02,CHA @ CHI,L,240,36,92,0.391,7,32,0.219,9,16,0.563,13,34,47,22,12,12,17,14,88,-18,1
112,22022,1610612741,CHI,Chicago Bulls,0022200111,2022-11-02,CHI vs. CHA,H,240,38,88,0.432,14,31,0.452,16,18,0.889,11,40,51,28,6,9,20,18,106,18,1,22022,1610612738,BOS,Boston Celtics,0022200107,2022-11-02,BOS @ CLE,L,265,38,93,0.409,11,41,0.268,26,27,0.963,8,44,52,26,5,9,14,24,113,-1,1
113,22022,1610612739,CLE,Cleveland Cavaliers,0022200107,2022-11-02,CLE vs. BOS,H,265,42,100,0.42,11,39,0.282,19,24,0.792,9,42,51,24,6,4,11,23,114,1,1,22022,1610612765,DET,Detroit Pistons,0022200113,2022-11-02,DET @ MIL,L,240,33,79,0.418,11,31,0.355,14,15,0.933,2,33,35,18,7,3,21,22,91,-25,1
114,22022,1610612749,MIL,Milwaukee Bucks,0022200113,2022-11-02,MIL vs. DET,H,240,43,92,0.467,10,38,0.263,20,24,0.833,15,37,52,24,17,5,16,16,116,25,1,22022,1610612748,MIA,Miami Heat,0022200109,2022-11-02,MIA vs. SAC,W,240,44,89,0.494,11,34,0.324,11,13,0.846,9,37,46,27,5,5,11,20,110,3,1
115,22022,1610612758,SAC,Sacramento Kings,0022200109,2022-11-02,SAC @ MIA,A,240,41,86,0.477,13,36,0.361,12,14,0.857,4,35,39,29,4,3,12,18,107,-3,1,22022,1610612764,WAS,Washington Wizards,0022200108,2022-11-02,WAS @ PHI,W,240,45,78,0.577,5,21,0.238,26,32,0.813,7,36,43,27,4,9,8,18,121,10,1
116,22022,1610612759,SAS,San Antonio Spurs,0022200114,2022-11-02,SAS vs. TOR,A,240,37,94,0.394,14,43,0.326,12,14,0.857,13,33,46,29,3,6,23,20,100,-43,1,22022,1610612761,TOR,Toronto Raptors,0022200114,2022-11-02,TOR @ SAS,W,240,57,106,0.538,14,33,0.424,15,16,0.938,9,41,50,31,16,6,11,17,143,43,1
117,22022,1610612743,DEN,Denver Nuggets,0022200119,2022-11-03,DEN @ OKC,H,240,45,84,0.536,18,31,0.581,14,16,0.875,8,39,47,32,5,2,20,15,122,12,1,22022,1610612760,OKC,Oklahoma City Thunder,0022200119,2022-11-03,OKC vs. DEN,L,240,45,93,0.484,6,29,0.207,14,19,0.737,10,30,40,19,9,5,10,19,110,-12,1
118,22022,1610612744,GSW,Golden State Warriors,0022200118,2022-11-03,GSW @ ORL,A,240,50,97,0.515,19,43,0.442,10,15,0.667,9,26,35,31,5,3,14,32,129,-1,1,22022,1610612753,ORL,Orlando Magic,0022200118,2022-11-03,ORL vs. GSW,W,240,42,78,0.538,13,30,0.433,33,46,0.717,11,35,46,20,9,6,19,22,130,1,1
119,22022,1610612746,LAC,LA Clippers,0022200126,2022-11-04,LAC @ SAS,H,240,42,80,0.525,15,33,0.455,14,19,0.737,3,41,44,26,6,5,16,25,113,7,1,22022,1610612747,LAL,Los Angeles Lakers,0022200131,2022-11-04,LAL vs. UTA,L,240,40,83,0.482,11,26,0.423,25,28,0.893,9,31,40,22,6,6,11,17,116,-14,1
120,22022,1610612738,BOS,Boston Celtics,0022200124,2022-11-04,BOS vs. CHI,H,240,41,83,0.494,9,31,0.29,32,39,0.821,7,32,39,24,5,7,14,23,123,4,1,22022,1610612762,UTA,Utah Jazz,0022200131,2022-11-04,UTA @ LAL,W,240,52,103,0.505,17,40,0.425,9,10,0.9,15,33,48,31,8,3,8,22,130,14,1
121,22022,1610612749,MIL,Milwaukee Bucks,0022200129,2022-11-04,MIL @ MIN,H,240,41,85,0.482,17,38,0.447,16,28,0.571,7,44,51,29,7,2,13,22,115,13,1,22022,1610612750,MIN,Minnesota Timberwolves,0022200129,2022-11-04,MIN vs. MIL,L,240,39,92,0.424,11,41,0.268,13,17,0.765,10,37,47,22,2,4,16,25,102,-13,1
122,22022,1610612766,CHA,Charlotte Hornets,0022200125,2022-11-04,CHA @ MEM,A,240,33,86,0.384,8,27,0.296,25,31,0.806,12,29,41,22,11,7,18,17,99,-31,1,22022,1610612763,MEM,Memphis Grizzlies,0022200125,2022-11-04,MEM vs. CHA,W,240,50,98,0.51,16,36,0.444,14,18,0.778,18,42,60,34,6,10,19,20,130,31,1
123,22022,1610612741,CHI,Chicago Bulls,0022200124,2022-11-04,CHI @ BOS,A,240,43,83,0.518,11,28,0.393,22,25,0.88,4,33,37,21,8,5,17,28,119,-4,1,22022,1610612756,PHX,Phoenix Suns,0022200130,2022-11-04,PHX vs. POR,L,240,36,83,0.434,14,34,0.412,20,21,0.952,13,26,39,26,8,4,17,22,106,-2,1
124,22022,1610612757,POR,Portland Trail Blazers,0022200130,2022-11-04,POR @ PHX,H,240,43,85,0.506,10,23,0.435,12,15,0.8,11,31,42,30,6,3,18,24,108,2,1,22022,1610612744,GSW,Golden State Warriors,0022200128,2022-11-04,GSW @ NOP,L,240,35,71,0.493,12,32,0.375,23,25,0.92,3,26,29,23,7,1,23,25,105,-9,1
125,22022,1610612740,NOP,New Orleans Pelicans,0022200128,2022-11-04,NOP vs. GSW,H,240,41,81,0.506,12,29,0.414,20,29,0.69,9,28,37,24,10,2,16,21,114,9,1,22022,1610612742,DAL,Dallas Mavericks,0022200127,2022-11-04,DAL vs. TOR,W,240,39,77,0.506,12,34,0.353,21,25,0.84,6,25,31,23,12,3,19,21,111,1,1
126,22022,1610612748,MIA,Miami Heat,0022200121,2022-11-04,MIA @ IND,A,240,31,81,0.383,11,39,0.282,26,26,1.0,8,34,42,17,10,2,19,22,99,-2,1,22022,1610612752,NYK,New York Knicks,0022200122,2022-11-04,NYK @ PHI,W,240,37,80,0.463,9,33,0.273,23,27,0.852,10,40,50,24,5,8,22,21,106,2,1
127,22022,1610612754,IND,Indiana Pacers,0022200121,2022-11-04,IND vs. MIA,H,240,37,80,0.463,12,39,0.308,15,23,0.652,5,37,42,28,7,5,19,19,101,2,1,22022,1610612755,PHI,Philadelphia 76ers,0022200122,2022-11-04,PHI vs. NYK,L,240,37,98,0.378,13,47,0.277,17,21,0.81,13,31,44,27,12,8,15,25,104,-2,1
128,22022,1610612761,TOR,Toronto Raptors,0022200127,2022-11-04,TOR @ DAL,A,240,39,88,0.443,11,34,0.324,21,25,0.84,18,26,44,20,10,4,19,22,110,-1,1,22022,1610612765,DET,Detroit Pistons,0022200120,2022-11-04,DET vs. CLE,L,240,31,83,0.373,13,37,0.351,13,15,0.867,9,25,34,16,10,6,19,22,88,-24,1
129,22022,1610612739,CLE,Cleveland Cavaliers,0022200120,2022-11-04,CLE @ DET,H,240,44,81,0.543,11,26,0.423,13,16,0.813,10,37,47,30,5,13,19,15,112,24,1,22022,1610612764,WAS,Washington Wizards,0022200123,2022-11-04,WAS vs. BKN,L,240,30,83,0.361,8,34,0.235,18,22,0.818,7,32,39,18,4,3,13,15,86,-42,1
130,22022,1610612751,BKN,Brooklyn Nets,0022200123,2022-11-04,BKN @ WAS,H,240,50,90,0.556,14,28,0.5,14,14,1.0,7,41,48,32,8,7,9,19,128,42,1,22022,1610612759,SAS,San Antonio Spurs,0022200126,2022-11-04,SAS vs. LAC,L,240,42,88,0.477,12,31,0.387,10,18,0.556,6,29,35,23,7,2,13,17,106,-7,1
131,22022,1610612753,ORL,Orlando Magic,0022200132,2022-11-05,ORL vs. SAC,A,265,50,92,0.543,4,23,0.174,19,20,0.95,7,41,48,27,8,4,18,26,123,-3,1,22022,1610612737,ATL,Atlanta Hawks,0022200134,2022-11-05,ATL vs. NOP,W,265,47,103,0.456,9,36,0.25,21,25,0.84,12,38,50,28,12,8,13,23,124,3,1
132,22022,1610612743,DEN,Denver Nuggets,0022200138,2022-11-05,DEN vs. SAS,H,240,53,87,0.609,15,29,0.517,5,10,0.5,10,37,47,37,10,0,18,15,126,25,1,22022,1610612749,MIL,Milwaukee Bucks,0022200136,2022-11-05,MIL vs. OKC,W,240,38,90,0.422,17,47,0.362,15,17,0.882,18,37,55,23,7,6,19,16,108,14,1
133,22022,1610612750,MIN,Minnesota Timberwolves,0022200137,2022-11-05,MIN vs. HOU,H,240,49,80,0.613,15,33,0.455,16,20,0.8,9,27,36,38,11,5,24,27,129,12,1,22022,1610612745,HOU,Houston Rockets,0022200137,2022-11-05,HOU @ MIN,L,240,40,84,0.476,16,38,0.421,21,31,0.677,12,21,33,27,10,0,23,18,117,-12,1
134,22022,1610612760,OKC,Oklahoma City Thunder,0022200136,2022-11-05,OKC @ MIL,A,240,36,84,0.429,12,35,0.343,10,16,0.625,9,29,38,22,6,3,16,18,94,-14,1,22022,1610612758,SAC,Sacramento Kings,0022200132,2022-11-05,SAC @ ORL,W,265,47,93,0.505,15,40,0.375,17,26,0.654,6,30,36,24,5,4,14,20,126,3,1
135,22022,1610612740,NOP,New Orleans Pelicans,0022200134,2022-11-05,NOP @ ATL,A,265,47,108,0.435,7,23,0.304,20,28,0.714,19,40,59,23,8,6,16,24,121,-3,1,22022,1610612752,NYK,New York Knicks,0022200135,2022-11-05,NYK vs. BOS,L,240,46,90,0.511,11,27,0.407,15,16,0.938,12,32,44,22,6,4,14,14,118,-15,1
136,22022,1610612738,BOS,Boston Celtics,0022200135,2022-11-05,BOS @ NYK,H,240,47,88,0.534,27,51,0.529,12,12,1.0,8,26,34,30,5,2,13,17,133,15,1,22022,1610612759,SAS,San Antonio Spurs,0022200138,2022-11-05,SAS @ DEN,L,240,39,80,0.488,12,30,0.4,11,19,0.579,6,22,28,28,8,3,15,13,101,-25,1
137,22022,1610612757,POR,Portland Trail Blazers,0022200139,2022-11-05,POR @ PHX,A,240,30,79,0.38,7,15,0.467,15,24,0.625,8,32,40,22,5,7,18,26,82,-20,1,22022,1610612756,PHX,Phoenix Suns,0022200139,2022-11-05,PHX vs. POR,W,240,35,82,0.427,11,30,0.367,21,28,0.75,11,33,44,22,7,14,14,22,102,20,1
138,22022,1610612751,BKN,Brooklyn Nets,0022200133,2022-11-05,BKN @ CHA,H,240,33,84,0.393,12,36,0.333,20,22,0.909,9,32,41,23,8,10,11,21,98,4,1,22022,1610612766,CHA,Charlotte Hornets,0022200133,2022-11-05,CHA vs. BKN,L,240,32,86,0.372,14,42,0.333,16,23,0.696,13,37,50,22,3,6,15,21,94,-4,1
139,22022,1610612762,UTA,Utah Jazz,0022200143,2022-11-06,UTA @ LAC,H,240,35,75,0.467,15,40,0.375,25,26,0.962,7,35,42,18,5,4,21,15,110,8,1,22022,1610612746,LAC,LA Clippers,0022200143,2022-11-06,LAC vs. UTA,L,240,43,87,0.494,8,33,0.242,8,13,0.615,4,28,32,22,11,2,14,26,102,-8,1
140,22022,1610612741,CHI,Chicago Bulls,0022200141,2022-11-06,CHI @ TOR,A,240,40,88,0.455,13,36,0.361,11,13,0.846,15,31,46,27,5,10,17,20,104,-9,1,22022,1610612763,MEM,Memphis Grizzlies,0022200142,2022-11-06,MEM vs. WAS,W,240,39,91,0.429,9,29,0.31,16,20,0.8,12,38,50,20,8,2,11,17,103,6,1
141,22022,1610612761,TOR,Toronto Raptors,0022200141,2022-11-06,TOR vs. CHI,H,240,44,103,0.427,10,37,0.27,15,20,0.75,23,29,52,28,11,10,9,16,113,9,1,22022,1610612739,CLE,Cleveland Cavaliers,0022200140,2022-11-06,CLE @ LAL,W,240,37,84,0.44,8,32,0.25,32,36,0.889,9,39,48,19,7,6,14,20,114,14,1
142,22022,1610612747,LAL,Los Angeles Lakers,0022200140,2022-11-06,LAL vs. CLE,A,240,40,87,0.46,8,27,0.296,12,21,0.571,10,33,43,24,4,4,17,26,100,-14,1,22022,1610612764,WAS,Washington Wizards,0022200142,2022-11-06,WAS @ MEM,L,240,41,96,0.427,8,41,0.195,7,10,0.7,15,34,49,25,5,5,10,21,97,-6,1
143,22022,1610612740,NOP,New Orleans Pelicans,0022200147,2022-11-07,NOP @ IND,A,240,48,97,0.495,14,34,0.412,12,17,0.706,13,30,43,32,7,4,10,20,122,-7,1,22022,1610612766,CHA,Charlotte Hornets,0022200144,2022-11-07,CHA vs. WAS,L,240,42,101,0.416,5,32,0.156,11,16,0.688,17,28,45,27,8,7,11,23,100,-8,1
144,22022,1610612764,WAS,Washington Wizards,0022200144,2022-11-07,WAS @ CHA,H,240,42,80,0.525,5,19,0.263,19,30,0.633,10,37,47,21,2,6,15,18,108,8,1,22022,1610612754,IND,Indiana Pacers,0022200147,2022-11-07,IND vs. NOP,W,240,43,86,0.5,22,48,0.458,21,23,0.913,10,35,45,33,6,8,17,19,129,7,1
145,22022,1610612762,UTA,Utah Jazz,0022200157,2022-11-07,UTA vs. LAL,H,240,53,95,0.558,16,38,0.421,17,22,0.773,10,31,41,30,10,7,15,23,139,23,1,22022,1610612757,POR,Portland Trail Blazers,0022200150,2022-11-07,POR @ MIA,W,240,38,72,0.528,16,37,0.432,18,21,0.857,4,33,37,27,7,2,19,16,110,3,1
146,22022,1610612745,HOU,Houston Rockets,0022200145,2022-11-07,HOU @ ORL,H,240,46,87,0.529,24,48,0.5,18,25,0.72,14,26,40,31,9,6,22,23,134,7,1,22022,1610612753,ORL,Orlando Magic,0022200145,2022-11-07,ORL vs. HOU,L,240,45,82,0.549,12,25,0.48,25,31,0.806,11,26,37,27,7,4,20,25,127,-7,1
147,22022,1610612756,PHX,Phoenix Suns,0022200148,2022-11-07,PHX @ PHI,A,240,32,73,0.438,6,19,0.316,18,22,0.818,6,31,37,19,8,5,15,24,88,-12,1,22022,1610612750,MIN,Minnesota Timberwolves,0022200153,2022-11-07,MIN vs. NYK,L,240,38,81,0.469,11,41,0.268,20,24,0.833,4,35,39,28,7,8,18,18,107,-13,1
148,22022,1610612747,LAL,Los Angeles Lakers,0022200157,2022-11-07,LAL @ UTA,A,240,40,82,0.488,9,24,0.375,27,30,0.9,7,26,33,15,7,5,16,21,116,-23,1,22022,1610612737,ATL,Atlanta Hawks,0022200149,2022-11-07,ATL vs. MIL,W,240,46,99,0.465,11,29,0.379,14,17,0.824,12,36,48,23,11,3,12,18,117,19,1
149,22022,1610612755,PHI,Philadelphia 76ers,0022200148,2022-11-07,PHI vs. PHX,H,240,31,80,0.388,12,32,0.375,26,31,0.839,15,33,48,22,5,6,16,17,100,12,1,22022,1610612744,GSW,Golden State Warriors,0022200156,2022-11-07,GSW vs. SAC,W,240,44,88,0.5,14,38,0.368,14,21,0.667,8,40,48,28,5,4,15,21,116,3,1
150,22022,1610612743,DEN,Denver Nuggets,0022200154,2022-11-07,DEN @ SAS,H,240,47,88,0.534,8,24,0.333,13,20,0.65,8,32,40,33,14,7,22,14,115,6,1,22022,1610612758,SAC,Sacramento Kings,0022200156,2022-11-07,SAC @ GSW,L,240,37,91,0.407,14,40,0.35,25,29,0.862,9,34,43,24,9,0,11,20,113,-3,1
151,22022,1610612759,SAS,San Antonio Spurs,0022200154,2022-11-07,SAS vs. DEN,A,240,43,82,0.524,12,33,0.364,11,18,0.611,10,28,38,31,14,5,24,17,109,-6,1,22022,1610612748,MIA,Miami Heat,0022200150,2022-11-07,MIA vs. POR,L,240,40,84,0.476,14,39,0.359,13,15,0.867,5,27,32,28,11,2,12,18,107,-3,1
152,22022,1610612751,BKN,Brooklyn Nets,0022200155,2022-11-07,BKN @ DAL,A,240,35,80,0.438,10,29,0.345,14,19,0.737,14,20,34,22,13,5,14,26,94,-2,1,22022,1610612742,DAL,Dallas Mavericks,0022200155,2022-11-07,DAL vs. BKN,W,240,32,72,0.444,12,28,0.429,20,24,0.833,12,29,41,18,7,3,22,20,96,2,1
153,22022,1610612749,MIL,Milwaukee Bucks,0022200149,2022-11-07,MIL @ ATL,A,240,36,87,0.414,13,40,0.325,13,16,0.813,6,35,41,21,5,9,19,18,98,-19,1,22022,1610612760,OKC,Oklahoma City Thunder,0022200146,2022-11-07,OKC @ DET,L,240,41,102,0.402,10,33,0.303,11,17,0.647,16,30,46,23,9,11,10,26,103,-9,1
154,22022,1610612765,DET,Detroit Pistons,0022200146,2022-11-07,DET vs. OKC,H,240,39,93,0.419,9,33,0.273,25,33,0.758,16,42,58,20,6,9,16,19,112,9,1,22022,1610612741,CHI,Chicago Bulls,0022200151,2022-11-07,CHI vs. TOR,W,240,42,80,0.525,9,28,0.321,18,22,0.818,9,40,49,30,7,7,22,21,111,14,1
155,22022,1610612761,TOR,Toronto Raptors,0022200151,2022-11-07,TOR @ CHI,A,240,36,85,0.424,9,28,0.321,16,22,0.727,5,26,31,24,10,7,15,20,97,-14,1,22022,1610612738,BOS,Boston Celtics,0022200152,2022-11-07,BOS @ MEM,W,240,38,82,0.463,12,37,0.324,21,28,0.75,7,38,45,26,5,6,15,19,109,3,1
156,22022,1610612752,NYK,New York Knicks,0022200153,2022-11-07,NYK @ MIN,H,240,39,89,0.438,19,48,0.396,23,25,0.92,9,34,43,26,13,2,19,23,120,13,1,22022,1610612763,MEM,Memphis Grizzlies,0022200152,2022-11-07,MEM vs. BOS,L,240,41,91,0.451,15,44,0.341,9,14,0.643,8,37,45,27,4,4,11,23,106,-3,1
157,22022,1610612739,CLE,Cleveland Cavaliers,0022200158,2022-11-07,CLE @ LAC,A,240,43,83,0.518,16,33,0.485,15,21,0.714,10,38,48,29,6,2,17,21,117,-2,1,22022,1610612746,LAC,LA Clippers,0022200158,2022-11-07,LAC vs. CLE,W,240,40,79,0.506,17,38,0.447,22,28,0.786,4,27,31,19,8,2,9,19,119,2,1
158,22022,1610612765,DET,Detroit Pistons,0022200163,2022-11-09,DET @ BOS,A,240,37,89,0.416,7,33,0.212,31,40,0.775,15,33,48,15,7,3,10,19,112,-16,1,22022,1610612741,CHI,Chicago Bulls,0022200166,2022-11-09,CHI vs. NOP,L,240,44,87,0.506,7,27,0.259,16,18,0.889,6,29,35,23,5,8,15,23,111,-4,1
159,22022,1610612738,BOS,Boston Celtics,0022200163,2022-11-09,BOS vs. DET,H,240,47,88,0.534,18,46,0.391,16,21,0.762,8,35,43,31,5,4,13,25,128,16,1,22022,1610612750,MIN,Minnesota Timberwolves,0022200167,2022-11-09,MIN vs. PHX,L,240,41,78,0.526,9,27,0.333,26,32,0.813,8,30,38,26,4,6,19,22,117,-12,1
160,22022,1610612756,PHX,Phoenix Suns,0022200167,2022-11-09,PHX @ MIN,H,240,47,97,0.485,16,35,0.457,19,20,0.95,10,26,36,31,10,3,11,21,129,12,1,22022,1610612759,SAS,San Antonio Spurs,0022200169,2022-11-09,SAS vs. MEM,L,265,47,98,0.48,12,37,0.324,16,23,0.696,13,26,39,30,8,2,12,17,122,-2,1
161,22022,1610612760,OKC,Oklahoma City Thunder,0022200168,2022-11-09,OKC vs. MIL,A,290,50,111,0.45,18,45,0.4,14,19,0.737,16,39,55,24,9,9,13,26,132,-4,1,22022,1610612749,MIL,Milwaukee Bucks,0022200168,2022-11-09,MIL @ OKC,W,290,50,106,0.472,17,36,0.472,19,22,0.864,11,44,55,27,8,7,17,23,136,4,1
162,22022,1610612763,MEM,Memphis Grizzlies,0022200169,2022-11-09,MEM @ SAS,H,265,50,98,0.51,14,32,0.438,10,13,0.769,18,35,53,24,4,2,20,22,124,2,1,22022,1610612747,LAL,Los Angeles Lakers,0022200170,2022-11-09,LAL @ LAC,L,240,40,88,0.455,10,32,0.313,11,17,0.647,8,35,43,26,7,2,16,20,101,-13,1
163,22022,1610612766,CHA,Charlotte Hornets,0022200159,2022-11-09,CHA vs. POR,A,240,34,91,0.374,10,40,0.25,17,24,0.708,20,22,42,21,10,3,11,22,95,-10,1,22022,1610612761,TOR,Toronto Raptors,0022200165,2022-11-09,TOR vs. HOU,W,240,42,102,0.412,15,44,0.341,17,20,0.85,22,28,50,19,12,9,13,26,116,7,1
164,22022,1610612745,HOU,Houston Rockets,0022200165,2022-11-09,HOU @ TOR,A,240,37,84,0.44,9,35,0.257,26,31,0.839,16,33,49,29,9,7,16,18,109,-7,1,22022,1610612752,NYK,New York Knicks,0022200164,2022-11-09,NYK @ BKN,L,240,28,87,0.322,12,43,0.279,17,26,0.654,11,35,46,21,5,4,15,18,85,-27,1
165,22022,1610612751,BKN,Brooklyn Nets,0022200164,2022-11-09,BKN vs. NYK,H,240,42,87,0.483,14,34,0.412,14,20,0.7,11,44,55,30,11,5,15,22,112,27,1,22022,1610612753,ORL,Orlando Magic,0022200161,2022-11-09,ORL vs. DAL,W,240,36,73,0.493,8,21,0.381,14,21,0.667,4,45,49,20,1,6,19,20,94,7,1
166,22022,1610612762,UTA,Utah Jazz,0022200162,2022-11-09,UTA @ ATL,H,240,44,94,0.468,17,39,0.436,20,24,0.833,13,34,47,27,5,6,13,20,125,6,1,22022,1610612743,DEN,Denver Nuggets,0022200160,2022-11-09,DEN @ IND,W,240,43,88,0.489,12,28,0.429,24,26,0.923,11,36,47,27,10,7,22,15,122,3,1
167,22022,1610612737,ATL,Atlanta Hawks,0022200162,2022-11-09,ATL vs. UTA,A,240,51,109,0.468,8,28,0.286,9,11,0.818,17,37,54,24,5,5,11,16,119,-6,1,22022,1610612758,SAC,Sacramento Kings,0022200171,2022-11-09,SAC vs. CLE,W,240,40,76,0.526,17,39,0.436,30,35,0.857,2,22,24,30,12,4,9,20,127,7,1
168,22022,1610612739,CLE,Cleveland Cavaliers,0022200171,2022-11-09,CLE @ SAC,A,240,46,86,0.535,11,26,0.423,17,20,0.85,12,30,42,24,4,1,18,23,120,-7,1,22022,1610612746,LAC,LA Clippers,0022200170,2022-11-09,LAC vs. LAL,W,240,41,81,0.506,12,33,0.364,20,26,0.769,6,35,41,24,10,7,15,24,114,13,1
169,22022,1610612754,IND,Indiana Pacers,0022200160,2022-11-09,IND vs. DEN,A,240,45,96,0.469,14,42,0.333,15,19,0.789,11,33,44,28,9,5,18,23,119,-3,1,22022,1610612742,DAL,Dallas Mavericks,0022200161,2022-11-09,DAL @ ORL,L,240,32,85,0.376,11,42,0.262,12,19,0.632,4,25,29,17,14,4,6,19,87,-7,1
170,22022,1610612740,NOP,New Orleans Pelicans,0022200166,2022-11-09,NOP @ CHI,H,240,42,84,0.5,3,19,0.158,28,36,0.778,13,37,50,20,8,5,16,18,115,4,1,22022,1610612757,POR,Portland Trail Blazers,0022200159,2022-11-09,POR @ CHA,W,240,40,75,0.533,11,34,0.324,14,25,0.56,8,37,45,28,5,4,18,19,105,10,1
171,22022,1610612757,POR,Portland Trail Blazers,0022200175,2022-11-10,POR @ NOP,H,240,37,85,0.435,12,34,0.353,20,26,0.769,11,35,46,25,8,2,9,14,106,11,1,22022,1610612755,PHI,Philadelphia 76ers,0022200173,2022-11-10,PHI @ ATL,L,240,32,83,0.386,6,30,0.2,25,30,0.833,9,36,45,15,10,5,17,22,95,-9,1
172,22022,1610612740,NOP,New Orleans Pelicans,0022200175,2022-11-10,NOP vs. POR,A,240,33,79,0.418,10,28,0.357,19,24,0.792,9,36,45,19,3,5,17,21,95,-11,1,22022,1610612766,CHA,Charlotte Hornets,0022200174,2022-11-10,CHA @ MIA,L,265,43,88,0.489,14,39,0.359,12,20,0.6,8,42,50,23,4,2,21,30,112,-5,1
173,22022,1610612748,MIA,Miami Heat,0022200174,2022-11-10,MIA vs. CHA,H,265,39,90,0.433,10,36,0.278,29,36,0.806,8,30,38,21,9,1,11,25,117,5,1,22022,1610612737,ATL,Atlanta Hawks,0022200173,2022-11-10,ATL vs. PHI,W,240,39,88,0.443,6,26,0.231,20,23,0.87,11,43,54,19,8,2,18,22,104,9,1
174,22022,1610612764,WAS,Washington Wizards,0022200172,2022-11-10,WAS vs. DAL,H,240,41,84,0.488,12,30,0.4,19,20,0.95,8,44,52,25,5,5,17,21,113,8,1,22022,1610612742,DAL,Dallas Mavericks,0022200172,2022-11-10,DAL @ WAS,L,240,37,86,0.43,18,47,0.383,13,21,0.619,7,34,41,19,9,1,13,13,105,-8,1
175,22022,1610612747,LAL,Los Angeles Lakers,0022200183,2022-11-11,LAL vs. SAC,A,240,42,88,0.477,10,25,0.4,20,26,0.769,14,27,41,22,11,5,14,22,114,-6,1,22022,1610612749,MIL,Milwaukee Bucks,0022200180,2022-11-11,MIL @ SAS,L,240,32,98,0.327,12,43,0.279,17,23,0.739,21,27,48,22,7,5,17,14,93,-18,1
176,22022,1610612763,MEM,Memphis Grizzlies,0022200181,2022-11-11,MEM vs. MIN,H,240,44,88,0.5,7,33,0.212,19,27,0.704,15,31,46,25,8,3,14,19,114,11,1,22022,1610612761,TOR,Toronto Raptors,0022200179,2022-11-11,TOR @ OKC,L,240,38,88,0.432,11,30,0.367,26,36,0.722,14,25,39,20,13,4,16,16,113,-19,1
177,22022,1610612765,DET,Detroit Pistons,0022200178,2022-11-11,DET @ NYK,A,240,37,80,0.463,7,31,0.226,31,41,0.756,12,31,43,22,6,6,15,23,112,-9,1,22022,1610612750,MIN,Minnesota Timberwolves,0022200181,2022-11-11,MIN @ MEM,L,240,37,79,0.468,10,30,0.333,19,22,0.864,7,26,33,29,10,4,15,25,103,-11,1
178,22022,1610612744,GSW,Golden State Warriors,0022200182,2022-11-11,GSW vs. CLE,H,240,40,82,0.488,15,36,0.417,11,14,0.786,8,36,44,29,5,3,15,27,106,5,1,22022,1610612738,BOS,Boston Celtics,0022200176,2022-11-11,BOS vs. DEN,W,240,50,90,0.556,16,37,0.432,15,20,0.75,10,36,46,30,3,5,7,19,131,19,1
179,22022,1610612743,DEN,Denver Nuggets,0022200176,2022-11-11,DEN @ BOS,A,240,42,92,0.457,12,29,0.414,16,20,0.8,11,27,38,26,3,1,6,16,112,-19,1,22022,1610612753,ORL,Orlando Magic,0022200177,2022-11-11,ORL vs. PHX,W,240,43,82,0.524,15,33,0.455,13,15,0.867,9,41,50,23,2,4,15,11,114,17,1
180,22022,1610612752,NYK,New York Knicks,0022200178,2022-11-11,NYK vs. DET,H,240,42,94,0.447,10,40,0.25,27,29,0.931,16,31,47,23,7,3,11,31,121,9,1,22022,1610612739,CLE,Cleveland Cavaliers,0022200182,2022-11-11,CLE @ GSW,L,240,37,92,0.402,8,30,0.267,19,26,0.731,14,32,46,25,6,3,13,17,101,-5,1
181,22022,1610612756,PHX,Phoenix Suns,0022200177,2022-11-11,PHX @ ORL,A,240,38,95,0.4,13,42,0.31,8,9,0.889,11,27,38,22,7,4,11,14,97,-17,1,22022,1610612758,SAC,Sacramento Kings,0022200183,2022-11-11,SAC @ LAL,W,240,45,87,0.517,12,36,0.333,18,21,0.857,10,30,40,27,10,4,15,17,120,6,1
182,22022,1610612759,SAS,San Antonio Spurs,0022200180,2022-11-11,SAS vs. MIL,H,240,43,85,0.506,12,31,0.387,13,15,0.867,9,41,50,22,3,13,19,22,111,18,1,22022,1610612760,OKC,Oklahoma City Thunder,0022200179,2022-11-11,OKC vs. TOR,W,240,52,93,0.559,15,36,0.417,13,17,0.765,15,29,44,31,10,6,19,27,132,19,1
183,22022,1610612757,POR,Portland Trail Blazers,0022200190,2022-11-12,POR @ DAL,A,240,36,80,0.45,13,31,0.419,27,35,0.771,12,32,44,20,6,2,12,21,112,-5,1,22022,1610612745,HOU,Houston Rockets,0022200191,2022-11-12,HOU @ NOP,L,240,40,79,0.506,12,36,0.333,14,18,0.778,10,33,43,24,7,4,26,23,106,-13,1
184,22022,1610612742,DAL,Dallas Mavericks,0022200190,2022-11-12,DAL vs. POR,H,240,41,81,0.506,14,43,0.326,21,26,0.808,7,33,40,26,8,2,11,27,117,5,1,22022,1610612748,MIA,Miami Heat,0022200189,2022-11-12,MIA vs. CHA,W,240,49,93,0.527,16,41,0.39,18,21,0.857,9,37,46,32,7,5,12,19,132,17,1
185,22022,1610612766,CHA,Charlotte Hornets,0022200189,2022-11-12,CHA @ MIA,A,240,46,90,0.511,9,31,0.29,14,16,0.875,4,33,37,25,4,3,12,21,115,-17,1,22022,1610612765,DET,Detroit Pistons,0022200186,2022-11-12,DET vs. BOS,L,240,37,89,0.416,16,38,0.421,18,21,0.857,11,39,50,23,4,3,14,23,108,-9,1
186,22022,1610612754,IND,Indiana Pacers,0022200187,2022-11-12,IND vs. TOR,H,240,41,82,0.5,19,43,0.442,17,23,0.739,11,40,51,33,4,6,21,23,118,14,1,22022,1610612761,TOR,Toronto Raptors,0022200187,2022-11-12,TOR @ IND,L,240,37,94,0.394,7,35,0.2,23,29,0.793,16,27,43,14,12,8,12,18,104,-14,1
187,22022,1610612740,NOP,New Orleans Pelicans,0022200191,2022-11-12,NOP vs. HOU,H,240,42,86,0.488,8,29,0.276,27,31,0.871,12,24,36,28,13,1,12,23,119,13,1,22022,1610612764,WAS,Washington Wizards,0022200185,2022-11-12,WAS vs. UTA,W,240,44,88,0.5,16,36,0.444,17,20,0.85,6,40,46,27,6,8,9,14,121,9,1
188,22022,1610612746,LAC,LA Clippers,0022200184,2022-11-12,LAC vs. BKN,A,240,34,85,0.4,11,31,0.355,16,20,0.8,10,36,46,22,4,6,18,17,95,-15,1,22022,1610612751,BKN,Brooklyn Nets,0022200184,2022-11-12,BKN @ LAC,W,240,40,83,0.482,16,35,0.457,14,21,0.667,6,35,41,27,9,6,13,18,110,15,1
189,22022,1610612737,ATL,Atlanta Hawks,0022200188,2022-11-12,ATL @ PHI,A,240,40,89,0.449,6,24,0.25,23,27,0.852,12,31,43,20,4,2,19,19,109,-12,1,22022,1610612762,UTA,Utah Jazz,0022200185,2022-11-12,UTA @ WAS,L,240,44,94,0.468,14,40,0.35,10,11,0.909,7,35,42,33,4,3,12,17,112,-9,1
190,22022,1610612755,PHI,Philadelphia 76ers,0022200188,2022-11-12,PHI vs. ATL,H,240,44,80,0.55,8,24,0.333,25,31,0.806,2,29,31,24,10,5,12,26,121,12,1,22022,1610612738,BOS,Boston Celtics,0022200186,2022-11-12,BOS @ DET,W,240,39,91,0.429,18,48,0.375,21,24,0.875,9,33,42,27,6,4,7,17,117,9,1
191,22022,1610612744,GSW,Golden State Warriors,0022200197,2022-11-13,GSW @ SAC,A,240,42,90,0.467,16,47,0.34,15,16,0.938,8,35,43,27,5,5,18,20,115,-7,1,22022,1610612743,DEN,Denver Nuggets,0022200196,2022-11-13,DEN @ CHI,W,240,48,80,0.6,13,27,0.481,17,21,0.81,5,31,36,33,11,3,16,17,126,23,1
192,22022,1610612741,CHI,Chicago Bulls,0022200196,2022-11-13,CHI vs. DEN,A,240,40,81,0.494,6,22,0.273,17,21,0.81,8,28,36,24,9,4,19,19,103,-23,1,22022,1610612762,UTA,Utah Jazz,0022200195,2022-11-13,UTA @ PHI,L,240,37,94,0.394,11,37,0.297,13,23,0.565,18,32,50,23,3,4,18,17,98,-7,1
193,22022,1610612752,NYK,New York Knicks,0022200192,2022-11-13,NYK vs. OKC,A,240,48,97,0.495,10,31,0.323,29,33,0.879,13,22,35,25,13,2,13,18,135,-10,1,22022,1610612760,OKC,Oklahoma City Thunder,0022200192,2022-11-13,OKC @ NYK,W,240,55,88,0.625,17,31,0.548,18,20,0.9,4,34,38,31,9,5,19,27,145,10,1
194,22022,1610612751,BKN,Brooklyn Nets,0022200198,2022-11-13,BKN @ LAL,A,240,36,80,0.45,7,27,0.259,24,31,0.774,8,33,41,22,5,5,13,17,103,-13,1,22022,1610612747,LAL,Los Angeles Lakers,0022200198,2022-11-13,LAL vs. BKN,W,240,44,91,0.484,11,27,0.407,17,20,0.85,12,33,45,25,3,2,9,22,116,13,1
195,22022,1610612763,MEM,Memphis Grizzlies,0022200194,2022-11-13,MEM @ WAS,A,240,38,96,0.396,9,28,0.321,7,10,0.7,14,37,51,21,7,6,17,24,92,-10,1,22022,1610612764,WAS,Washington Wizards,0022200194,2022-11-13,WAS vs. MEM,W,240,36,86,0.419,19,40,0.475,11,21,0.524,9,38,47,26,9,6,15,15,102,10,1
196,22022,1610612755,PHI,Philadelphia 76ers,0022200195,2022-11-13,PHI vs. UTA,H,240,40,83,0.482,4,23,0.174,21,26,0.808,8,31,39,21,12,14,12,19,105,7,1,22022,1610612758,SAC,Sacramento Kings,0022200197,2022-11-13,SAC vs. GSW,W,240,47,91,0.516,16,37,0.432,12,19,0.632,9,36,45,31,8,2,16,17,122,7,1
197,22022,1610612739,CLE,Cleveland Cavaliers,0022200193,2022-11-13,CLE vs. MIN,A,240,40,89,0.449,17,34,0.5,27,39,0.692,16,24,40,22,6,1,10,22,124,-5,1,22022,1610612750,MIN,Minnesota Timberwolves,0022200193,2022-11-13,MIN @ CLE,W,240,46,82,0.561,12,24,0.5,25,34,0.735,11,36,47,30,5,4,13,30,129,5,1
198,22022,1610612746,LAC,LA Clippers,0022200203,2022-11-14,LAC @ HOU,H,240,41,81,0.506,14,38,0.368,26,33,0.788,9,35,44,25,6,4,17,23,122,16,1,22022,1610612766,CHA,Charlotte Hornets,0022200200,2022-11-14,CHA @ ORL,W,240,42,88,0.477,7,35,0.2,21,24,0.875,14,23,37,22,15,7,13,23,112,7,1
199,22022,1610612745,HOU,Houston Rockets,0022200203,2022-11-14,HOU vs. LAC,A,240,39,86,0.453,9,30,0.3,19,31,0.613,10,30,40,20,11,3,14,22,106,-16,1,22022,1610612756,PHX,Phoenix Suns,0022200202,2022-11-14,PHX @ MIA,L,240,48,99,0.485,14,36,0.389,2,4,0.5,20,25,45,22,9,4,14,22,112,-1,1
200,22022,1610612760,OKC,Oklahoma City Thunder,0022200201,2022-11-14,OKC @ BOS,A,240,47,98,0.48,11,30,0.367,17,21,0.81,10,41,51,21,4,6,20,21,122,-4,1,22022,1610612737,ATL,Atlanta Hawks,0022200204,2022-11-14,ATL @ MIL,W,240,44,92,0.478,7,20,0.35,26,30,0.867,13,32,45,23,4,4,9,23,121,15,1
201,22022,1610612749,MIL,Milwaukee Bucks,0022200204,2022-11-14,MIL vs. ATL,A,240,34,82,0.415,6,29,0.207,32,41,0.78,11,35,46,21,4,3,17,26,106,-15,1,22022,1610612748,MIA,Miami Heat,0022200202,2022-11-14,MIA vs. PHX,W,240,38,83,0.458,15,33,0.455,22,25,0.88,17,25,42,23,6,4,15,10,113,1,1
202,22022,1610612744,GSW,Golden State Warriors,0022200205,2022-11-14,GSW vs. SAS,H,240,47,88,0.534,23,45,0.511,15,16,0.938,5,35,40,35,9,3,13,17,132,37,1,22022,1610612753,ORL,Orlando Magic,0022200200,2022-11-14,ORL vs. CHA,L,240,36,88,0.409,14,36,0.389,19,23,0.826,22,26,48,23,3,7,22,18,105,-7,1
203,22022,1610612759,SAS,San Antonio Spurs,0022200205,2022-11-14,SAS @ GSW,A,240,36,100,0.36,10,40,0.25,13,19,0.684,22,31,53,18,6,6,19,17,95,-37,1,22022,1610612765,DET,Detroit Pistons,0022200199,2022-11-14,DET vs. TOR,L,240,35,77,0.455,10,31,0.323,31,43,0.721,11,28,39,23,8,2,19,23,111,-4,1
204,22022,1610612761,TOR,Toronto Raptors,0022200199,2022-11-14,TOR @ DET,H,240,40,82,0.488,8,27,0.296,27,28,0.964,12,30,42,27,7,8,17,27,115,4,1,22022,1610612738,BOS,Boston Celtics,0022200201,2022-11-14,BOS vs. OKC,W,240,46,96,0.479,10,37,0.27,24,29,0.828,10,36,46,25,15,7,14,20,126,4,1
205,22022,1610612763,MEM,Memphis Grizzlies,0022200206,2022-11-15,MEM @ NOP,A,240,38,92,0.413,9,35,0.257,17,25,0.68,14,37,51,16,6,8,11,17,102,-11,1,22022,1610612740,NOP,New Orleans Pelicans,0022200206,2022-11-15,NOP vs. MEM,W,240,43,91,0.473,18,38,0.474,9,12,0.75,7,36,43,31,2,8,10,20,113,11,1
206,22022,1610612762,UTA,Utah Jazz,0022200208,2022-11-15,UTA vs. NYK,A,240,36,83,0.434,14,43,0.326,25,30,0.833,15,34,49,29,7,5,21,22,111,-7,1,22022,1610612758,SAC,Sacramento Kings,0022200210,2022-11-15,SAC vs. BKN,W,240,56,94,0.596,20,41,0.488,21,25,0.84,9,34,43,39,9,4,17,24,153,32,1
207,22022,1610612751,BKN,Brooklyn Nets,0022200210,2022-11-15,BKN @ SAC,A,240,40,81,0.494,11,28,0.393,30,33,0.909,3,26,29,25,5,3,17,18,121,-32,1,22022,1610612746,LAC,LA Clippers,0022200207,2022-11-15,LAC @ DAL,L,240,34,64,0.531,12,28,0.429,21,26,0.808,3,37,40,23,8,2,21,27,101,-2,1
208,22022,1610612757,POR,Portland Trail Blazers,0022200209,2022-11-15,POR vs. SAS,H,240,41,79,0.519,15,32,0.469,20,26,0.769,9,30,39,22,6,3,17,17,117,7,1,22022,1610612759,SAS,San Antonio Spurs,0022200209,2022-11-15,SAS @ POR,L,240,44,85,0.518,9,29,0.31,13,17,0.765,11,27,38,34,7,5,19,25,110,-7,1
209,22022,1610612742,DAL,Dallas Mavericks,0022200207,2022-11-15,DAL vs. LAC,H,240,35,80,0.438,17,43,0.395,16,24,0.667,8,26,34,20,12,1,12,20,103,2,1,22022,1610612752,NYK,New York Knicks,0022200208,2022-11-15,NYK @ UTA,W,240,44,93,0.473,11,32,0.344,19,25,0.76,13,30,43,26,10,3,14,25,118,7,1
210,22022,1610612741,CHI,Chicago Bulls,0022200217,2022-11-16,CHI @ NOP,A,240,44,89,0.494,11,32,0.344,11,17,0.647,7,30,37,25,2,1,12,18,110,-14,1,22022,1610612750,MIN,Minnesota Timberwolves,0022200212,2022-11-16,MIN @ ORL,W,240,46,88,0.523,12,36,0.333,22,28,0.786,8,32,40,28,15,6,11,15,126,18,1
211,22022,1610612753,ORL,Orlando Magic,0022200212,2022-11-16,ORL vs. MIN,A,240,42,93,0.452,9,35,0.257,15,17,0.882,12,35,47,21,6,5,16,26,108,-18,1,22022,1610612756,PHX,Phoenix Suns,0022200220,2022-11-16,PHX vs. GSW,W,240,44,86,0.512,21,40,0.525,21,25,0.84,8,39,47,33,5,8,16,22,130,11,1
212,22022,1610612744,GSW,Golden State Warriors,0022200220,2022-11-16,GSW @ PHX,A,240,42,92,0.457,18,42,0.429,17,17,1.0,6,34,40,30,5,3,17,23,119,-11,1,22022,1610612743,DEN,Denver Nuggets,0022200219,2022-11-16,DEN vs. NYK,L,240,36,82,0.439,14,38,0.368,17,20,0.85,8,34,42,18,3,5,15,25,103,-3,1
213,22022,1610612752,NYK,New York Knicks,0022200219,2022-11-16,NYK @ DEN,H,240,37,84,0.44,8,34,0.235,24,31,0.774,6,34,40,24,12,5,8,18,106,3,1,22022,1610612742,DAL,Dallas Mavericks,0022200218,2022-11-16,DAL vs. HOU,L,240,31,102,0.304,12,55,0.218,18,19,0.947,13,25,38,21,9,2,6,19,92,-9,1
214,22022,1610612745,HOU,Houston Rockets,0022200218,2022-11-16,HOU @ DAL,H,240,35,75,0.467,10,22,0.455,21,24,0.875,9,47,56,21,1,19,23,19,101,9,1,22022,1610612740,NOP,New Orleans Pelicans,0022200217,2022-11-16,NOP vs. CHI,W,240,43,85,0.506,17,33,0.515,21,24,0.875,12,34,46,30,4,6,15,18,124,14,1
215,22022,1610612739,CLE,Cleveland Cavaliers,0022200216,2022-11-16,CLE @ MIL,A,240,36,84,0.429,12,28,0.429,14,17,0.824,6,28,34,22,7,7,8,18,98,-15,1,22022,1610612749,MIL,Milwaukee Bucks,0022200216,2022-11-16,MIL vs. CLE,W,240,41,86,0.477,16,39,0.41,15,27,0.556,13,39,52,26,5,6,14,16,113,15,1
216,22022,1610612760,OKC,Oklahoma City Thunder,0022200213,2022-11-16,OKC @ WAS,H,240,44,81,0.543,16,31,0.516,17,26,0.654,9,28,37,24,4,7,15,22,121,1,1,22022,1610612761,TOR,Toronto Raptors,0022200215,2022-11-16,TOR vs. MIA,W,240,44,86,0.512,7,26,0.269,17,22,0.773,16,26,42,23,5,3,14,23,112,8,1
217,22022,1610612748,MIA,Miami Heat,0022200215,2022-11-16,MIA @ TOR,A,240,36,66,0.545,13,35,0.371,19,22,0.864,4,19,23,19,5,4,23,20,104,-8,1,22022,1610612737,ATL,Atlanta Hawks,0022200214,2022-11-16,ATL vs. BOS,L,240,42,101,0.416,7,32,0.219,10,13,0.769,14,31,45,21,5,5,9,11,101,-25,1
218,22022,1610612738,BOS,Boston Celtics,0022200214,2022-11-16,BOS @ ATL,H,240,48,88,0.545,21,46,0.457,9,10,0.9,6,43,49,29,4,8,15,20,126,25,1,22022,1610612754,IND,Indiana Pacers,0022200211,2022-11-16,IND @ CHA,W,240,44,82,0.537,11,28,0.393,26,31,0.839,7,27,34,27,11,9,14,18,125,12,1
219,22022,1610612766,CHA,Charlotte Hornets,0022200211,2022-11-16,CHA vs. IND,A,240,43,94,0.457,12,33,0.364,15,18,0.833,14,30,44,29,8,4,18,23,113,-12,1,22022,1610612764,WAS,Washington Wizards,0022200213,2022-11-16,WAS vs. OKC,L,240,44,86,0.512,17,34,0.5,15,17,0.882,11,30,41,32,8,5,19,20,120,-1,1
220,22022,1610612758,SAC,Sacramento Kings,0022200222,2022-11-17,SAC vs. SAS,H,240,48,83,0.578,12,30,0.4,22,24,0.917,6,31,37,28,7,1,12,15,130,18,1,22022,1610612759,SAS,San Antonio Spurs,0022200222,2022-11-17,SAS @ SAC,L,240,46,84,0.548,11,26,0.423,9,12,0.75,7,25,32,29,8,6,19,22,112,-18,1
221,22022,1610612751,BKN,Brooklyn Nets,0022200221,2022-11-17,BKN @ POR,H,240,40,79,0.506,11,29,0.379,18,23,0.783,5,42,47,32,4,5,17,24,109,2,1,22022,1610612757,POR,Portland Trail Blazers,0022200221,2022-11-17,POR vs. BKN,L,240,36,93,0.387,13,36,0.361,22,27,0.815,8,31,39,22,9,5,10,22,107,-2,1
222,22022,1610612765,DET,Detroit Pistons,0022200223,2022-11-17,DET @ LAC,A,240,33,88,0.375,6,31,0.194,19,24,0.792,10,33,43,15,9,7,13,26,91,-5,1,22022,1610612746,LAC,LA Clippers,0022200223,2022-11-17,LAC vs. DET,W,240,33,81,0.407,11,30,0.367,19,24,0.792,10,41,51,17,1,1,18,21,96,5,1
223,22022,1610612743,DEN,Denver Nuggets,0022200230,2022-11-18,DEN @ DAL,A,240,38,90,0.422,10,30,0.333,13,18,0.722,13,23,36,24,4,1,13,20,99,-28,1,22022,1610612742,DAL,Dallas Mavericks,0022200230,2022-11-18,DAL vs. DEN,W,240,46,77,0.597,13,32,0.406,22,28,0.786,6,38,44,29,5,3,10,19,127,28,1
224,22022,1610612745,HOU,Houston Rockets,0022200228,2022-11-18,HOU vs. IND,A,240,29,86,0.337,6,28,0.214,27,32,0.844,14,35,49,15,8,4,17,24,91,-8,1,22022,1610612740,NOP,New Orleans Pelicans,0022200231,2022-11-18,NOP vs. BOS,L,240,43,87,0.494,13,35,0.371,10,13,0.769,7,30,37,24,13,3,13,18,109,-8,1
225,22022,1610612752,NYK,New York Knicks,0022200233,2022-11-18,NYK @ GSW,A,240,30,87,0.345,9,34,0.265,32,34,0.941,13,32,45,16,8,7,16,16,101,-10,1,22022,1610612765,DET,Detroit Pistons,0022200234,2022-11-18,DET @ LAL,L,240,43,92,0.467,11,34,0.324,24,32,0.75,10,27,37,27,9,4,11,30,121,-7,1
226,22022,1610612747,LAL,Los Angeles Lakers,0022200234,2022-11-18,LAL vs. DET,H,240,43,78,0.551,7,20,0.35,35,40,0.875,7,37,44,29,2,7,16,24,128,7,1,22022,1610612764,WAS,Washington Wizards,0022200224,2022-11-18,WAS vs. MIA,W,265,41,96,0.427,15,46,0.326,10,14,0.714,8,46,54,33,6,4,16,25,107,1,1
227,22022,1610612748,MIA,Miami Heat,0022200224,2022-11-18,MIA @ WAS,A,265,35,98,0.357,11,43,0.256,25,32,0.781,10,43,53,23,6,4,10,15,106,-1,1,22022,1610612754,IND,Indiana Pacers,0022200228,2022-11-18,IND @ HOU,W,240,33,82,0.402,12,41,0.293,21,27,0.778,12,33,45,25,8,10,15,26,99,8,1
228,22022,1610612739,CLE,Cleveland Cavaliers,0022200225,2022-11-18,CLE vs. CHA,H,290,49,92,0.533,8,28,0.286,26,32,0.813,7,43,50,25,8,8,20,25,132,10,1,22022,1610612766,CHA,Charlotte Hornets,0022200225,2022-11-18,CHA @ CLE,L,290,44,110,0.4,14,44,0.318,20,24,0.833,17,36,53,24,11,6,16,33,122,-10,1
229,22022,1610612744,GSW,Golden State Warriors,0022200233,2022-11-18,GSW vs. NYK,H,240,41,91,0.451,18,50,0.36,11,20,0.55,12,39,51,32,8,3,18,26,111,10,1,22022,1610612738,BOS,Boston Celtics,0022200231,2022-11-18,BOS @ NOP,W,240,41,85,0.482,20,46,0.435,15,17,0.882,11,35,46,28,6,3,17,13,117,8,1
230,22022,1610612741,CHI,Chicago Bulls,0022200227,2022-11-18,CHI vs. ORL,A,240,41,89,0.461,5,21,0.238,20,25,0.8,13,33,46,27,6,6,11,19,107,-1,1,22022,1610612753,ORL,Orlando Magic,0022200227,2022-11-18,ORL @ CHI,W,240,38,77,0.494,12,28,0.429,20,22,0.909,6,35,41,25,4,7,16,25,108,1,1
231,22022,1610612763,MEM,Memphis Grizzlies,0022200229,2022-11-18,MEM vs. OKC,H,240,39,93,0.419,14,39,0.359,29,40,0.725,17,40,57,26,4,7,11,13,121,11,1,22022,1610612756,PHX,Phoenix Suns,0022200232,2022-11-18,PHX @ UTA,L,240,49,94,0.521,9,30,0.3,26,28,0.929,12,30,42,29,7,6,14,25,133,-1,1
232,22022,1610612749,MIL,Milwaukee Bucks,0022200226,2022-11-18,MIL @ PHI,A,240,41,90,0.456,12,36,0.333,8,21,0.381,8,34,42,22,8,7,13,18,102,-8,1,22022,1610612755,PHI,Philadelphia 76ers,0022200226,2022-11-18,PHI vs. MIL,W,240,40,78,0.513,13,28,0.464,17,26,0.654,6,35,41,28,5,5,18,18,110,8,1
233,22022,1610612760,OKC,Oklahoma City Thunder,0022200229,2022-11-18,OKC @ MEM,A,240,45,96,0.469,11,34,0.324,9,11,0.818,8,35,43,34,5,9,11,28,110,-11,1,22022,1610612762,UTA,Utah Jazz,0022200232,2022-11-18,UTA vs. PHX,W,240,51,91,0.56,16,31,0.516,16,24,0.667,11,25,36,32,6,3,17,28,134,1,1
234,22022,1610612757,POR,Portland Trail Blazers,0022200238,2022-11-19,POR vs. UTA,A,240,39,83,0.47,13,42,0.31,22,27,0.815,10,33,43,27,11,8,18,22,113,-5,1,22022,1610612754,IND,Indiana Pacers,0022200236,2022-11-19,IND vs. ORL,W,240,41,90,0.456,18,46,0.391,14,19,0.737,12,30,42,27,5,6,15,18,114,1,1
235,22022,1610612753,ORL,Orlando Magic,0022200236,2022-11-19,ORL @ IND,A,240,39,91,0.429,16,42,0.381,19,26,0.731,11,30,41,16,8,6,11,17,113,-1,1,22022,1610612737,ATL,Atlanta Hawks,0022200235,2022-11-19,ATL vs. TOR,W,265,46,92,0.5,7,25,0.28,25,32,0.781,11,39,50,23,5,5,15,20,124,2,1
236,22022,1610612761,TOR,Toronto Raptors,0022200235,2022-11-19,TOR @ ATL,A,265,48,108,0.444,8,37,0.216,18,22,0.818,17,34,51,27,11,6,14,25,122,-2,1,22022,1610612755,PHI,Philadelphia 76ers,0022200237,2022-11-19,PHI vs. MIN,L,240,34,71,0.479,14,32,0.438,27,32,0.844,4,35,39,21,10,1,22,24,109,-3,1
237,22022,1610612750,MIN,Minnesota Timberwolves,0022200237,2022-11-19,MIN @ PHI,H,240,40,85,0.471,12,36,0.333,20,24,0.833,8,35,43,28,9,2,20,25,112,3,1,22022,1610612762,UTA,Utah Jazz,0022200238,2022-11-19,UTA @ POR,W,240,42,91,0.462,14,39,0.359,20,23,0.87,11,31,42,23,6,4,13,20,118,5,1
238,22022,1610612746,LAC,LA Clippers,0022200239,2022-11-19,LAC vs. SAS,H,240,44,81,0.543,21,40,0.525,10,19,0.526,7,28,35,32,9,1,13,20,119,22,1,22022,1610612759,SAS,San Antonio Spurs,0022200239,2022-11-19,SAS @ LAC,L,240,36,87,0.414,7,26,0.269,18,21,0.857,15,28,43,22,4,2,15,13,97,-22,1
239,22022,1610612756,PHX,Phoenix Suns,0022200240,2022-11-20,PHX vs. NYK,H,240,43,101,0.426,17,39,0.436,13,18,0.722,22,38,60,35,3,8,13,22,116,21,1,22022,1610612752,NYK,New York Knicks,0022200240,2022-11-20,NYK @ PHX,L,240,34,85,0.4,7,25,0.28,20,25,0.8,10,29,39,20,4,7,11,15,95,-21,1
240,22022,1610612758,SAC,Sacramento Kings,0022200242,2022-11-20,SAC vs. DET,H,240,47,85,0.553,12,35,0.343,31,35,0.886,8,33,41,29,4,0,11,18,137,8,1,22022,1610612759,SAS,San Antonio Spurs,0022200247,2022-11-20,SAS @ LAL,L,240,41,105,0.39,7,34,0.206,3,10,0.3,13,31,44,26,7,2,10,17,92,-31,1
241,22022,1610612747,LAL,Los Angeles Lakers,0022200247,2022-11-20,LAL vs. SAS,H,240,45,85,0.529,12,34,0.353,21,24,0.875,5,49,54,29,5,2,15,10,123,31,1,22022,1610612744,GSW,Golden State Warriors,0022200245,2022-11-20,GSW @ HOU,W,240,46,86,0.535,24,47,0.511,11,15,0.733,8,32,40,38,8,5,17,22,127,7,1
242,22022,1610612742,DAL,Dallas Mavericks,0022200246,2022-11-20,DAL vs. DEN,A,240,35,78,0.449,15,42,0.357,12,21,0.571,6,30,36,24,5,3,13,18,97,-1,1,22022,1610612743,DEN,Denver Nuggets,0022200246,2022-11-20,DEN @ DAL,W,240,37,78,0.474,9,27,0.333,15,19,0.789,4,40,44,22,10,5,16,20,98,1,1
243,22022,1610612764,WAS,Washington Wizards,0022200241,2022-11-20,WAS vs. CHA,H,240,40,93,0.43,13,34,0.382,13,18,0.722,14,35,49,19,6,13,17,19,106,4,1,22022,1610612745,HOU,Houston Rockets,0022200245,2022-11-20,HOU vs. GSW,L,240,41,90,0.456,15,45,0.333,23,27,0.852,12,33,45,24,13,1,14,12,120,-7,1
244,22022,1610612739,CLE,Cleveland Cavaliers,0022200244,2022-11-20,CLE vs. MIA,H,240,44,83,0.53,13,37,0.351,12,16,0.75,13,36,49,31,7,1,20,23,113,26,1,22022,1610612763,MEM,Memphis Grizzlies,0022200243,2022-11-20,MEM @ BKN,L,240,43,99,0.434,12,37,0.324,17,31,0.548,13,31,44,28,13,0,10,12,115,-12,1
245,22022,1610612751,BKN,Brooklyn Nets,0022200243,2022-11-20,BKN vs. MEM,H,240,50,83,0.602,16,34,0.471,11,15,0.733,5,40,45,33,5,5,19,25,127,12,1,22022,1610612748,MIA,Miami Heat,0022200244,2022-11-20,MIA @ CLE,L,240,31,80,0.388,6,31,0.194,19,22,0.864,11,19,30,17,6,3,16,16,87,-26,1
246,22022,1610612765,DET,Detroit Pistons,0022200242,2022-11-20,DET @ SAC,A,240,47,89,0.528,15,29,0.517,20,23,0.87,10,25,35,20,4,3,12,24,129,-8,1,22022,1610612766,CHA,Charlotte Hornets,0022200241,2022-11-20,CHA @ WAS,L,240,39,100,0.39,8,32,0.25,16,23,0.696,15,36,51,19,5,5,13,18,102,-4,1
247,22022,1610612746,LAC,LA Clippers,0022200255,2022-11-21,LAC vs. UTA,H,240,47,91,0.516,9,24,0.375,18,19,0.947,12,29,41,26,6,6,16,20,121,7,1,22022,1610612752,NYK,New York Knicks,0022200254,2022-11-21,NYK @ OKC,W,240,51,97,0.526,11,34,0.324,16,20,0.8,14,34,48,21,10,2,15,28,129,10,1
248,22022,1610612762,UTA,Utah Jazz,0022200255,2022-11-21,UTA @ LAC,A,240,40,89,0.449,12,38,0.316,22,24,0.917,16,29,45,22,8,5,17,18,114,-7,1,22022,1610612741,CHI,Chicago Bulls,0022200250,2022-11-21,CHI vs. BOS,W,240,46,89,0.517,14,29,0.483,15,20,0.75,8,43,51,26,10,1,15,19,121,14,1
249,22022,1610612738,BOS,Boston Celtics,0022200250,2022-11-21,BOS @ CHI,A,240,38,87,0.437,19,50,0.38,12,17,0.706,5,33,38,28,3,4,15,18,107,-14,1,22022,1610612760,OKC,Oklahoma City Thunder,0022200254,2022-11-21,OKC vs. NYK,L,240,43,88,0.489,8,24,0.333,25,32,0.781,11,27,38,25,5,5,14,18,119,-10,1
250,22022,1610612748,MIA,Miami Heat,0022200252,2022-11-21,MIA @ MIN,A,240,35,90,0.389,11,38,0.289,20,30,0.667,12,34,46,26,9,5,15,20,101,-4,1,22022,1610612750,MIN,Minnesota Timberwolves,0022200252,2022-11-21,MIN vs. MIA,W,240,37,85,0.435,14,47,0.298,17,20,0.85,6,34,40,30,9,6,18,25,105,4,1
251,22022,1610612757,POR,Portland Trail Blazers,0022200251,2022-11-21,POR @ MIL,A,240,44,93,0.473,8,29,0.276,15,19,0.789,12,28,40,19,5,3,16,17,111,-8,1,22022,1610612749,MIL,Milwaukee Bucks,0022200251,2022-11-21,MIL vs. POR,W,240,47,86,0.547,9,28,0.321,16,25,0.64,10,32,42,31,12,8,14,17,119,8,1
252,22022,1610612740,NOP,New Orleans Pelicans,0022200253,2022-11-21,NOP vs. GSW,H,240,49,91,0.538,15,42,0.357,15,21,0.714,11,39,50,30,15,5,14,16,128,45,1,22022,1610612744,GSW,Golden State Warriors,0022200253,2022-11-21,GSW @ NOP,L,240,28,74,0.378,10,43,0.233,17,19,0.895,4,30,34,17,9,5,27,20,83,-45,1
253,22022,1610612753,ORL,Orlando Magic,0022200249,2022-11-21,ORL @ IND,A,240,36,85,0.424,11,35,0.314,19,25,0.76,12,26,38,20,10,2,17,25,102,-21,1,22022,1610612754,IND,Indiana Pacers,0022200249,2022-11-21,IND vs. ORL,W,240,43,86,0.5,13,46,0.283,24,27,0.889,12,36,48,32,9,5,21,23,123,21,1
254,22022,1610612737,ATL,Atlanta Hawks,0022200248,2022-11-21,ATL @ CLE,A,240,38,87,0.437,11,34,0.324,15,17,0.882,10,25,35,24,11,3,17,21,102,-12,1,22022,1610612739,CLE,Cleveland Cavaliers,0022200248,2022-11-21,CLE vs. ATL,W,240,42,70,0.6,10,19,0.526,20,23,0.87,3,34,37,24,8,3,20,17,114,12,1
255,22022,1610612763,MEM,Memphis Grizzlies,0022200257,2022-11-22,MEM vs. SAC,A,240,41,91,0.451,8,30,0.267,19,30,0.633,13,36,49,26,12,10,18,23,109,-4,1,22022,1610612765,DET,Detroit Pistons,0022200258,2022-11-22,DET @ DEN,W,240,45,88,0.511,8,28,0.286,12,14,0.857,12,28,40,27,7,5,16,24,110,2,1
256,22022,1610612755,PHI,Philadelphia 76ers,0022200256,2022-11-22,PHI vs. BKN,H,240,43,99,0.434,16,32,0.5,13,16,0.813,20,29,49,19,9,4,10,12,115,9,1,22022,1610612743,DEN,Denver Nuggets,0022200258,2022-11-22,DEN vs. DET,L,240,43,86,0.5,5,19,0.263,17,26,0.654,15,27,42,28,7,8,18,21,108,-2,1
257,22022,1610612751,BKN,Brooklyn Nets,0022200256,2022-11-22,BKN @ PHI,A,240,44,80,0.55,9,28,0.321,9,13,0.692,4,31,35,31,5,13,15,15,106,-9,1,22022,1610612756,PHX,Phoenix Suns,0022200259,2022-11-22,PHX vs. LAL,W,240,48,102,0.471,16,34,0.471,3,5,0.6,8,41,49,23,8,7,15,22,115,10,1
258,22022,1610612747,LAL,Los Angeles Lakers,0022200259,2022-11-22,LAL @ PHX,A,240,36,85,0.424,4,22,0.182,29,35,0.829,7,38,45,19,8,7,17,12,105,-10,1,22022,1610612758,SAC,Sacramento Kings,0022200257,2022-11-22,SAC @ MEM,W,240,39,90,0.433,15,45,0.333,20,27,0.741,9,36,45,27,11,2,20,25,113,4,1
259,22022,1610612760,OKC,Oklahoma City Thunder,0022200268,2022-11-23,OKC vs. DEN,A,265,42,97,0.433,18,40,0.45,24,28,0.857,12,27,39,26,6,7,10,27,126,-5,1,22022,1610612758,SAC,Sacramento Kings,0022200263,2022-11-23,SAC @ ATL,L,240,41,89,0.461,9,31,0.29,15,21,0.714,10,38,48,27,6,2,19,23,106,-9,1
260,22022,1610612743,DEN,Denver Nuggets,0022200268,2022-11-23,DEN @ OKC,H,265,42,88,0.477,14,38,0.368,33,41,0.805,17,38,55,31,4,8,19,24,131,5,1,22022,1610612754,IND,Indiana Pacers,0022200262,2022-11-23,IND vs. MIN,L,240,37,96,0.385,16,44,0.364,11,16,0.688,13,17,30,25,16,5,13,16,101,-14,1
261,22022,1610612750,MIN,Minnesota Timberwolves,0022200262,2022-11-23,MIN @ IND,H,240,47,77,0.61,8,22,0.364,13,17,0.765,8,42,50,31,9,10,23,18,115,14,1,22022,1610612751,BKN,Brooklyn Nets,0022200266,2022-11-23,BKN @ TOR,W,240,45,82,0.549,17,38,0.447,5,7,0.714,7,32,39,32,10,11,21,24,112,14,1
262,22022,1610612761,TOR,Toronto Raptors,0022200266,2022-11-23,TOR vs. BKN,A,240,36,101,0.356,7,29,0.241,19,25,0.76,23,29,52,16,12,2,14,13,98,-14,1,22022,1610612742,DAL,Dallas Mavericks,0022200264,2022-11-23,DAL @ BOS,L,240,44,82,0.537,11,31,0.355,13,21,0.619,5,30,35,20,4,3,14,23,112,-13,1
263,22022,1610612746,LAC,LA Clippers,0022200271,2022-11-23,LAC @ GSW,A,240,39,86,0.453,11,29,0.379,18,27,0.667,10,33,43,22,5,2,17,13,107,-17,1,22022,1610612744,GSW,Golden State Warriors,0022200271,2022-11-23,GSW vs. LAC,W,240,48,97,0.495,19,51,0.373,9,13,0.692,12,33,45,36,11,5,13,26,124,17,1
264,22022,1610612740,NOP,New Orleans Pelicans,0022200269,2022-11-23,NOP @ SAS,H,240,47,82,0.573,14,33,0.424,21,30,0.7,8,34,42,33,8,5,21,22,129,19,1,22022,1610612759,SAS,San Antonio Spurs,0022200269,2022-11-23,SAS vs. NOP,L,240,41,85,0.482,10,34,0.294,18,28,0.643,8,29,37,31,11,1,20,23,110,-19,1
265,22022,1610612755,PHI,Philadelphia 76ers,0022200260,2022-11-23,PHI @ CHA,A,240,38,86,0.442,9,38,0.237,16,18,0.889,8,37,45,20,9,3,19,23,101,-6,1,22022,1610612766,CHA,Charlotte Hornets,0022200260,2022-11-23,CHA vs. PHI,W,240,44,92,0.478,6,23,0.261,13,21,0.619,11,33,44,25,8,1,16,15,107,6,1
266,22022,1610612738,BOS,Boston Celtics,0022200264,2022-11-23,BOS vs. DAL,H,240,45,84,0.536,17,34,0.5,18,21,0.857,6,32,38,29,4,4,12,22,125,13,1,22022,1610612737,ATL,Atlanta Hawks,0022200263,2022-11-23,ATL vs. SAC,W,240,41,92,0.446,11,30,0.367,22,23,0.957,10,37,47,23,9,6,13,20,115,9,1
267,22022,1610612762,UTA,Utah Jazz,0022200270,2022-11-23,UTA vs. DET,A,240,41,83,0.494,18,41,0.439,16,19,0.842,7,31,38,31,4,7,16,21,116,-9,1,22022,1610612765,DET,Detroit Pistons,0022200270,2022-11-23,DET @ UTA,W,240,44,89,0.494,12,24,0.5,25,27,0.926,8,30,38,24,9,2,7,20,125,9,1
268,22022,1610612764,WAS,Washington Wizards,0022200265,2022-11-23,WAS @ MIA,A,240,42,89,0.472,10,38,0.263,11,19,0.579,7,36,43,27,7,5,14,20,105,-8,1,22022,1610612748,MIA,Miami Heat,0022200265,2022-11-23,MIA vs. WAS,W,240,39,93,0.419,16,41,0.39,19,22,0.864,14,39,53,20,7,5,13,18,113,8,1
269,22022,1610612749,MIL,Milwaukee Bucks,0022200267,2022-11-23,MIL vs. CHI,A,240,41,90,0.456,12,38,0.316,19,25,0.76,11,37,48,24,5,3,20,17,113,-5,1,22022,1610612741,CHI,Chicago Bulls,0022200267,2022-11-23,CHI @ MIL,W,240,43,87,0.494,18,42,0.429,14,18,0.778,5,30,35,30,9,12,13,20,118,5,1
270,22022,1610612739,CLE,Cleveland Cavaliers,0022200261,2022-11-23,CLE vs. POR,H,240,41,74,0.554,12,27,0.444,20,23,0.87,11,28,39,22,4,4,17,14,114,18,1,22022,1610612757,POR,Portland Trail Blazers,0022200261,2022-11-23,POR @ CLE,L,240,35,78,0.449,13,31,0.419,13,13,1.0,11,21,32,28,9,4,17,24,96,-18,1
271,22022,1610612743,DEN,Denver Nuggets,0022200285,2022-11-25,DEN @ LAC,H,240,44,89,0.494,10,30,0.333,16,23,0.696,10,27,37,27,9,5,6,24,114,10,1,22022,1610612746,LAC,LA Clippers,0022200285,2022-11-25,LAC vs. DEN,L,240,37,68,0.544,11,22,0.5,19,34,0.559,4,29,33,22,1,5,14,20,104,-10,1
272,22022,1610612753,ORL,Orlando Magic,0022200273,2022-11-25,ORL vs. PHI,A,240,34,80,0.425,9,35,0.257,22,27,0.815,9,26,35,20,7,6,14,15,99,-8,1,22022,1610612762,UTA,Utah Jazz,0022200284,2022-11-25,UTA @ GSW,L,240,46,97,0.474,11,45,0.244,15,17,0.882,15,27,42,28,12,6,13,15,118,-11,1
273,22022,1610612738,BOS,Boston Celtics,0022200275,2022-11-25,BOS vs. SAC,H,240,41,83,0.494,16,37,0.432,24,27,0.889,4,34,38,27,9,6,10,24,122,18,1,22022,1610612744,GSW,Golden State Warriors,0022200284,2022-11-25,GSW vs. UTA,W,240,52,101,0.515,20,45,0.444,5,6,0.833,16,33,49,33,8,3,21,15,129,11,1
274,22022,1610612756,PHX,Phoenix Suns,0022200283,2022-11-25,PHX vs. DET,H,240,42,87,0.483,7,29,0.241,17,26,0.654,11,32,43,25,7,7,13,18,108,6,1,22022,1610612765,DET,Detroit Pistons,0022200283,2022-11-25,DET @ PHX,L,240,39,92,0.424,9,26,0.346,15,16,0.938,19,30,49,21,6,3,19,22,102,-6,1
275,22022,1610612741,CHI,Chicago Bulls,0022200281,2022-11-25,CHI @ OKC,A,265,44,101,0.436,12,33,0.364,19,23,0.826,14,33,47,25,5,4,15,24,119,-4,1,22022,1610612760,OKC,Oklahoma City Thunder,0022200281,2022-11-25,OKC vs. CHI,W,265,44,95,0.463,7,29,0.241,28,32,0.875,10,40,50,24,7,5,13,21,123,4,1
276,22022,1610612737,ATL,Atlanta Hawks,0022200278,2022-11-25,ATL @ HOU,A,240,39,82,0.476,15,39,0.385,29,36,0.806,6,22,28,14,9,6,14,26,122,-6,1,22022,1610612745,HOU,Houston Rockets,0022200278,2022-11-25,HOU vs. ATL,W,240,41,87,0.471,12,35,0.343,34,41,0.829,22,37,59,25,9,4,22,29,128,6,1
277,22022,1610612751,BKN,Brooklyn Nets,0022200276,2022-11-25,BKN @ IND,A,240,47,88,0.534,15,41,0.366,8,10,0.8,5,33,38,27,2,8,19,28,117,-11,1,22022,1610612748,MIA,Miami Heat,0022200277,2022-11-25,MIA vs. WAS,W,240,42,89,0.472,7,26,0.269,19,23,0.826,10,37,47,24,5,5,13,19,110,3,1
278,22022,1610612764,WAS,Washington Wizards,0022200277,2022-11-25,WAS @ MIA,A,240,40,93,0.43,11,39,0.282,16,20,0.8,13,32,45,27,7,9,12,18,107,-3,1,22022,1610612757,POR,Portland Trail Blazers,0022200274,2022-11-25,POR @ NYK,W,265,42,85,0.494,10,32,0.313,38,51,0.745,12,35,47,24,3,3,13,24,132,3,1
279,22022,1610612754,IND,Indiana Pacers,0022200276,2022-11-25,IND vs. BKN,H,240,43,86,0.5,12,34,0.353,30,38,0.789,5,36,41,28,13,4,10,11,128,11,1,22022,1610612747,LAL,Los Angeles Lakers,0022200282,2022-11-25,LAL @ SAS,W,240,40,83,0.482,8,27,0.296,17,20,0.85,10,39,49,28,12,5,22,16,105,11,1
280,22022,1610612752,NYK,New York Knicks,0022200274,2022-11-25,NYK vs. POR,A,265,46,105,0.438,13,41,0.317,24,28,0.857,12,32,44,27,7,5,10,35,129,-3,1,22022,1610612763,MEM,Memphis Grizzlies,0022200279,2022-11-25,MEM vs. NOP,W,240,47,91,0.516,18,38,0.474,20,27,0.741,13,33,46,26,4,4,14,20,132,21,1
281,22022,1610612758,SAC,Sacramento Kings,0022200275,2022-11-25,SAC @ BOS,A,240,36,87,0.414,9,36,0.25,23,26,0.885,11,34,45,20,3,4,18,22,104,-18,1,22022,1610612759,SAS,San Antonio Spurs,0022200282,2022-11-25,SAS vs. LAL,L,240,38,100,0.38,6,33,0.182,12,16,0.75,20,30,50,21,11,3,16,18,94,-11,1
282,22022,1610612740,NOP,New Orleans Pelicans,0022200279,2022-11-25,NOP @ MEM,A,240,37,86,0.43,10,31,0.323,27,31,0.871,11,30,41,26,9,4,13,22,111,-21,1,22022,1610612739,CLE,Cleveland Cavaliers,0022200280,2022-11-25,CLE @ MIL,L,240,34,87,0.391,12,33,0.364,22,26,0.846,10,31,41,12,9,2,9,17,102,-15,1
283,22022,1610612749,MIL,Milwaukee Bucks,0022200280,2022-11-25,MIL vs. CLE,H,240,42,83,0.506,15,32,0.469,18,25,0.72,8,35,43,27,4,9,13,22,117,15,1,22022,1610612755,PHI,Philadelphia 76ers,0022200273,2022-11-25,PHI @ ORL,W,240,39,82,0.476,14,36,0.389,15,18,0.833,13,34,47,25,7,1,16,19,107,8,1
284,22022,1610612750,MIN,Minnesota Timberwolves,0022200272,2022-11-25,MIN @ CHA,A,240,41,96,0.427,9,41,0.22,17,18,0.944,11,34,45,24,7,9,16,27,108,-2,1,22022,1610612766,CHA,Charlotte Hornets,0022200272,2022-11-25,CHA vs. MIN,W,240,40,89,0.449,8,25,0.32,22,32,0.688,15,40,55,24,6,4,18,18,110,2,1
